Number,Wages,Education,Age,Gender
1,10.56,15,40,Male
2,11,13.2,19,Male
3,17.76,14,46,Male
4,14,16,50,Female
5,8.2,15,31,Male
6,16.97,13.5,30,Female
7,6.7,12,61,Female
8,14,14,46,Female
9,19.2,18,43,Male
10,7.25,11,17,Male
11,16,7,46,Male
12,23,14,32,Male
13,36.11,17,35,Male
14,20.16,20,39,Male
15,12.61,13,32,Male
16,13.65,19,30,Female
17,9,13.8,20,Female
18,18.07,13.6,48,Male
19,16.01,19,39,Female
20,26.4,12.7,38,Male
21,20.65,19,37,Male
22,23.04,19,37,Female
23,24.03,18.3,31,Male
24,12,14,46,Female
25,25.6,13,41,Male
26,6.85,15.6,31,Female
27,15,12,40,Male
28,9.75,8,60,Male
29,6.7,11,17,Female
30,15,17,39,Male
31,10.5,13.5,24,Male
32,13.26,12,52,Female
33,17.75,18,34,Male
34,14.26,12,34,Female
35,18.05,15,34,Male
36,18.39,9,40,Male
37,18.92,10.5,48,Male
38,20.64,19,39,Male
39,15.49,14,33,Female
40,10.4,13,62,Female
41,15.39,15,28,Female
42,16.8,12.5,36,Male
43,15.36,20,47,Female
44,17.98,12,53,Female
45,6.7,14,20,Male
46,5,11,17,Male
47,12,12.8,20,Male
48,6.66,15.5,31,Female
49,14,13.5,53,Female
50,25.6,14,34,Male
51,18.43,17,28,Male
52,11.5,12,48,Female
53,14,8,27,Male
54,6.03,14,22,Male
55,8.23,13,45,Female
56,15.36,11,51,Female
57,13.75,8.5,57,Male
58,7.44,9,34,Male
59,24.96,18,44,Female
60,33.18,20,54,Male
61,11.59,13.4,26,Male
62,14.09,14,33,Male
63,23.52,13,32,Male
64,15.84,12,48,Male
65,23.72,9.5,50,Male
66,8.37,12.5,65,Female
67,10.2,12,26,Female
68,7.61,14,23,Female
69,6.75,10,21,Male
70,25.91,14,35,Female
71,15.94,13.2,35,Female
72,6.71,13,28,Male
73,20.79,12,34,Female
74,8.75,12,49,Female
75,20.99,14,47,Male
76,40.32,14,42,Male
77,8.2,14,19,Male
78,11,13,27,Female
79,15,12.5,30,Male
80,40.8,20,60,Male
81,8,12,51,Female
82,14.5,10.5,45,Female
83,9,13,31,Female
84,14.4,8.5,51,Male
85,12,11,53,Female
86,7,14.3,18,Male
87,25.92,18,48,Male
88,25.44,11,41,Male
89,10,12.1,34,Female
90,12.97,15.1,56,Male
91,7,14,19,Male
92,8.89,12,18,Female
93,21.57,9,41,Male
94,20.61,12.5,40,Male
95,11.11,11,41,Male
96,22.13,14,55,Male
97,13.5,17,30,Male
98,21.56,19.1,32,Male
99,6.75,10,16,Male
100,9,14,68,Female
101,13,14.8,25,Female
102,5.54,18,23,Male
103,6.48,11,17,Male
104,40.8,16.8,39,Male
105,13.01,10.5,39,Female
106,19.17,17,49,Male
107,25.75,12.5,31,Male
108,30,20,39,Male
109,9.25,10,40,Female
110,5.76,10,17,Male
111,3.75,11,17,Male
112,40.96,10.5,54,Male
113,21.39,18,41,Female
114,3.12,17.5,24,Male
115,14.96,16.1,28,Female
116,12.55,13,37,Male
117,6.75,15.5,21,Female
118,10.56,11.8,21,Male
119,10.75,12.1,18,Male
120,5.17,17.3,34,Female
121,19.15,13,50,Male
122,35.66,20,48,Male
123,9.85,13.9,20,Male
124,27.8,12,34,Female
125,13.12,12,31,Male
126,41.38,11.1,44,Male
127,31.5,15,42,Male
128,15,17,58,Female
129,14.85,13,38,Male
130,19.2,14,28,Male
131,7.31,11,63,Female
132,13.88,12,33,Female
133,16,11,57,Female
134,7.52,11.6,19,Male
135,12.84,12.5,26,Female
136,6.42,12.5,43,Female
137,17.58,12,31,Male
138,15.07,5,65,Male
139,28.66,17,50,Male
140,6.06,12.5,20,Female
141,17.68,12,34,Male
142,28.78,16.3,40,Male
143,9.22,13,31,Female
144,7.6,11,27,Male
145,13.29,8,53,Male
146,7.2,14.6,19,Male
147,14.03,8,39,Male
148,23.04,14,40,Male
149,12.3,20,40,Male
150,21.5,13.6,24,Male
151,9.4,11,19,Female
152,11.5,8,59,Male
153,5.92,14.5,22,Female
154,27.79,13.5,57,Female
155,17.6,16.9,39,Female
156,12,6,65,Male
157,22.19,16,32,Male
158,9,14,20,Male
159,12.83,17.4,45,Female
160,5.9,10,16,Male
161,15.79,17.5,26,Male
162,7.15,11,17,Male
163,21.15,12,41,Male
164,17.14,12.5,30,Female
165,19.68,11.5,34,Male
166,10,16,31,Male
167,7.66,16,20,Female
168,7,8,35,Female
169,14.23,9,55,Male
170,6.5,16.3,20,Female
171,10.25,11.5,36,Female
172,10.5,14,25,Male
173,8.92,19.1,25,Male
174,26.88,13,37,Male
175,19.07,13,44,Male
176,12,14.1,36,Female
177,8.5,14,24,Female
178,19.67,12,36,Female
179,23.04,20,38,Male
180,15.92,20,34,Female
181,8.83,10,64,Female
182,16.46,18,25,Female
183,18.24,10,56,Male
184,12,14,37,Female
185,28.8,10.1,58,Male
186,34.78,18.5,46,Male
187,12.8,12.5,27,Female
188,7.5,18.8,43,Female
189,18.19,10,57,Female
190,21.55,12,34,Male
191,7,16,52,Female
192,11.3,12,43,Female
193,9.58,18,38,Male
194,15.43,17.8,38,Female
195,12.58,0,38,Female
196,16.22,15,46,Female
197,13.65,14.5,29,Female
198,16.8,17,30,Female
199,8.5,13,31,Female
200,20.29,20,39,Female
201,27.9,15,53,Male
202,7,12,30,Male
203,7.25,14.5,25,Female
204,14.75,16,49,Female
205,17.45,17,40,Female
206,16,16.5,46,Female
207,15.1,15.5,23,Female
208,9,10,27,Male
209,11.6,12.3,28,Female
210,16.48,12,33,Male
211,26.88,17,52,Male
212,9.65,14,40,Female
213,23.35,20,44,Male
214,10.59,12.5,29,Female
215,7.79,12,20,Female
216,15.05,19,44,Male
217,6.5,13,19,Female
218,4.8,10,34,Male
219,21.33,20,36,Female
220,22.99,12.5,51,Female
221,16.28,16,24,Male
222,7,12,18,Male
223,32.59,16,50,Female
224,9.25,9,25,Male
225,7,13,19,Male
226,21.12,17,43,Female
227,18,13,44,Male
228,19.94,12,31,Female
229,21.43,12,62,Female
230,5.8,14,33,Male
231,17.67,13,42,Female
232,16,13,43,Female
233,19.58,13,38,Male
234,15.65,14,49,Male
235,15.42,14,23,Male
236,7,13,47,Female
237,11.27,9.5,34,Female
238,15,11,35,Male
239,27.5,10,49,Female
240,7,8,50,Female
241,29.53,17,44,Female
242,11.97,5.5,29,Male
243,9,9,30,Male
244,25.6,13,60,Male
245,15.6,13,37,Male
246,11,4,54,Male
247,11.25,12,35,Male
248,32.91,18,43,Female
249,14.2,14,37,Male
250,6.85,13,20,Male
251,28.8,20,44,Male
252,6.7,12,30,Male
253,6.62,10,17,Female
254,28.54,15,32,Female
255,22.27,19,50,Male
256,30.72,20,40,Male
257,26.39,18,33,Female
258,33.28,16.5,39,Male
259,6.36,14.5,23,Male
260,12.86,13,30,Female
261,18.29,14.5,36,Male
262,13.6,16,28,Female
263,18.25,17,28,Female
264,16.62,9,32,Female
265,6.35,10.1,17,Female
266,21.81,13,37,Male
267,7.19,13,18,Female
268,25.6,18,42,Female
269,19,11,41,Female
270,13.07,16,44,Male
271,7,12,48,Female
272,40.96,17,43,Female
273,34.67,17,35,Female
274,11.25,10.5,56,Female
275,24,14.5,54,Male
276,7,14,45,Female
277,30.65,14,50,Male
278,9.1,12.3,19,Male
279,23.04,13.5,50,Female
280,20.1,17.1,32,Female
281,13.91,18,31,Female
282,18.72,18,42,Male
283,24.38,20,30,Male
284,6.83,13,27,Female
285,20.91,16.2,26,Male
286,14.85,12,30,Female
287,14.29,12.5,52,Female
288,8,16.1,20,Female
289,14,18,37,Male
290,8,13,23,Male
291,12,12,53,Female
292,17.43,17,34,Male
293,9.89,11,66,Female
294,9.56,17,24,Female
295,12.13,12,51,Female
296,15,12,32,Male
297,4.82,15,23,Male
298,17.9,13,45,Male
299,12.55,12.5,35,Female
300,27.73,17,52,Female
301,10,14,26,Female
302,9.83,14,37,Female
303,22.23,16,41,Female
304,19.2,18.1,43,Male
305,7.25,12,41,Male
306,12,13.5,41,Female
307,32.16,18,62,Female
308,5,11,16,Male
309,24.32,16,21,Male
310,9.76,14,29,Female
311,21.6,11,48,Male
312,16.5,12,31,Female
313,15,17,28,Male
314,19.2,18.5,27,Male
315,15.84,16.3,34,Male
316,11.2,8.5,48,Male
317,9,15.5,23,Male
318,9.6,10,54,Female
319,14,17,38,Female
320,20,13,33,Male
321,8,17,57,Female
322,7.49,12,36,Female
323,8.18,13.3,19,Female
324,18.77,13,32,Male
325,20.76,18,44,Female
326,26.38,8,60,Male
327,10,16,38,Female
328,7.1,9,38,Female
329,33.6,13,44,Male
330,30.24,17,52,Male
331,13,18,29,Female
332,18.74,17,41,Female
333,3.15,11.5,26,Female
334,11.26,12,55,Female
335,7.25,12,20,Female
336,12.5,11,35,Female
337,8.8,12.3,35,Female
338,14.4,17,62,Female
339,24.33,15.3,37,Male
340,9,17,44,Male
341,21.6,13.1,49,Female
342,12.79,12,47,Female
343,15.36,11,64,Male
344,14.49,16,53,Female
345,14.05,15,33,Male
346,16.42,7.6,39,Male
347,8.97,13.1,22,Female
348,8,11.2,60,Female
349,13.5,16.1,36,Female
350,12,20,29,Male
351,10.25,12.2,23,Female
352,27.43,16,55,Male
353,11.32,17.5,34,Male
354,15.77,12.5,33,Male
355,10.87,14,35,Male
356,11.29,10,38,Female
357,28.8,12,55,Male
358,7.41,13,20,Male
359,15,13,32,Male
360,10.05,12,23,Female
361,7.08,16,27,Male
362,18.28,16.1,37,Male
363,11.5,13.5,27,Male
364,16,15,46,Female
365,15,15.5,25,Female
366,12,13,47,Female
367,8.13,10,51,Female
368,19,8,53,Male
369,7,18.5,26,Female
370,8.61,12,55,Female
371,23.46,18,49,Female
372,5.93,10.5,28,Female
373,19.75,17.4,43,Male
374,7.2,17,23,Female
375,13.44,10.6,38,Female
376,15.5,12,50,Female
377,7.12,12,35,Female
378,9.14,17,41,Female
379,17.88,16,38,Female
380,18.75,15,27,Male
381,20.5,17,39,Female
382,31.8,17.3,41,Male
383,6.75,12.6,19,Female
384,9.05,11.1,33,Female
385,7,11,17,Female
386,11.5,9,37,Female
387,11,10,34,Female
388,10.81,0,49,Male
389,25.08,14,38,Male
390,6.7,11,19,Male
391,10.2,12,61,Female
392,24,15,51,Male
393,16.3,12.1,26,Male
394,18.39,12,51,Male
395,3.62,13,57,Male
396,24,11,58,Male
397,16,12.5,44,Female
398,14.5,12.6,36,Female
399,22.81,8,45,Male
400,19.18,12,32,Male
401,8,11,39,Female
402,13.68,12,37,Male
403,9.42,12.5,49,Female
404,28.8,16,38,Female
405,28.8,14,54,Female
406,21.23,15,37,Male
407,24.46,13,32,Female
408,16,12.5,41,Male
409,17.07,14,32,Female
410,38,17,46,Male
411,20.1,14,42,Male
412,18.19,12,50,Female
413,8,13,37,Female
414,7,13,23,Male
415,27.84,17.3,41,Female
416,17.59,9,61,Male
417,7,14.1,19,Male
418,15.36,11,45,Male
419,14,8,64,Male
420,15,13,34,Male
421,13.59,14.1,29,Female
422,9.6,10,17,Female
423,17,11.5,34,Male
424,9.5,3,62,Female
425,17.5,12,43,Female
426,17.81,13,34,Male
427,7.16,13.8,21,Male
428,5.75,12,17,Female
429,15,13,64,Female
430,9.65,12.5,53,Female
431,18.04,15,30,Male
432,27.75,16,36,Male
433,15.36,12,41,Female
434,19.91,13,47,Female
435,12,7,38,Male
436,3.59,13.6,21,Female
437,7.2,11,18,Male
438,13,15,22,Male
439,7,9.5,27,Female
440,12.56,15,24,Male
441,6.44,7,54,Female
442,10,16.5,38,Male
443,13.49,10.5,37,Female
444,5.85,13,19,Male
445,22.7,12.7,43,Male
446,13.07,19,42,Male
447,6.7,6,57,Female
448,7,13,19,Female
449,20.48,11,38,Female
450,25.6,18,32,Female
451,7.75,13,54,Female
452,9.18,12.6,20,Male
453,7.92,13,20,Female
454,43.2,16.5,37,Male
455,18.74,16,29,Female
456,22.98,15,36,Female
457,14.04,9,61,Female
458,14.88,13,40,Female
459,7.6,9,57,Female
460,7.68,15,24,Female
461,6.9,16,24,Female
462,8.75,11,34,Female
463,10.96,12.5,32,Female
464,13.73,19,41,Female
465,27,15,48,Female
466,12.21,12,54,Female
467,30.1,13,47,Male
468,18.24,11.5,51,Male
469,10,12,34,Female
470,18.54,12,38,Male
471,25,11,60,Male
472,14.34,12,23,Female
473,6.73,10,16,Female
474,7.85,9,57,Female
475,6.94,14,19,Male
476,14.07,12.7,56,Female
477,12,12,36,Male
478,8,14,43,Female
479,28.36,15,39,Male
480,9.49,9,55,Female
481,15.04,13,56,Female
482,16.9,12.6,42,Female
483,27.34,14.8,37,Female
484,8.05,12,29,Female
485,10,15,29,Male
486,19.2,16,30,Female
487,5.6,12,29,Female
488,11.36,12,51,Male
489,18.94,16,32,Female
490,9.43,11,21,Male
491,18.21,12,45,Female
492,20.84,13.8,39,Female
493,24,17,31,Male
494,27.84,18,53,Male
495,34.56,12,46,Male
496,15.87,10.5,45,Female
497,31.9,8,58,Male
498,6.7,11,18,Female
499,12,8,29,Male
500,7,13.8,20,Female
501,7.89,12,61,Female
502,9.82,12,18,Male
503,6.7,20,43,Male
504,7,12,25,Male
505,18,15,26,Male
506,26.18,17,38,Female
507,33.6,13,60,Male
508,20,12,36,Male
509,6.85,12.6,20,Female
510,15.85,11,33,Male
511,7.48,12.7,38,Female
512,28.14,16,56,Female
513,7.67,5,62,Female
514,13.88,10,57,Male
515,17.44,5,58,Male
516,14.05,10.5,58,Male
517,13.54,12,56,Female
518,19.86,12.5,63,Male
519,18.72,16.5,26,Male
520,21.6,16,29,Male
521,18.35,12.5,27,Male
522,8.26,10.5,32,Female
523,20.85,12,40,Female
524,12,12,30,Male
525,14.36,10,53,Female
526,12.96,18,35,Male
527,17,14,40,Male
528,6.46,10.6,17,Female
529,9.34,12,18,Male
530,15.51,12.8,37,Male
531,25,17.5,34,Female
532,19,12,35,Male
533,8.5,12,42,Female
534,8,13,46,Female
535,20.45,17,58,Male
536,18.87,14,46,Female
537,10,12,26,Male
538,12.29,13.7,31,Female
539,14.28,13,48,Female
540,9,12.5,42,Female
541,19.33,10,45,Male
542,10.56,13.4,42,Female
543,23.09,12.5,48,Female
544,21.44,13,49,Male
545,7,18,22,Male
546,16.5,12,51,Male
547,18.9,19.5,24,Male
548,15.75,10,35,Male
549,13.21,16,28,Male
550,17.1,15,27,Female
551,16.08,14,44,Male
552,15.65,10,41,Male
553,13.13,19,32,Male
554,15.52,13.6,28,Male
555,23.04,16,29,Male
556,8,12,61,Male
557,10.85,10,44,Female
558,12.31,16,22,Female
559,12.81,10,41,Male
560,21,18,24,Female
561,16.12,12,33,Male
562,21.6,12.7,33,Male
563,12.35,15.4,32,Female
564,16.32,15,38,Female
565,19.2,11.5,53,Female
566,13.23,10,58,Male
567,21.43,15,32,Male
568,16.25,9,34,Male
569,23.63,13,31,Female
570,8,16,29,Female
571,7.49,11.6,19,Female
572,6,15.5,20,Female
573,21,11,39,Female
574,12.03,13.8,37,Female
575,10,13.4,37,Female
576,19.68,12.5,38,Male
577,10,11.3,45,Male
578,24.74,19,32,Female
579,13.75,17,28,Female
580,8.97,11,23,Male
581,14.5,14.3,46,Female
582,9.48,8,62,Male
583,9.2,13,40,Female
584,14.52,15,30,Female
585,16.68,12.5,47,Male
586,10.07,13.2,20,Female
587,7.97,10,26,Female
588,22.8,12,39,Male
589,17.77,15,47,Female
590,15.36,16.2,39,Male
591,24.92,12.5,39,Male
592,10,17.5,24,Male
593,6.6,10,18,Male
594,7.73,9.8,17,Female
595,14.8,9,32,Male
596,9.33,14.5,41,Female
597,10.35,17,51,Female
598,11.43,12.5,21,Female
599,30,16,48,Female
600,15,15.8,30,Male
601,10.46,14.5,24,Female
602,22.04,17,26,Female
603,11,15,25,Female
604,24,15,47,Male
605,17,15,32,Female
606,19,12.8,36,Male
607,15,12.5,38,Male
608,24,16,39,Female
609,12.65,12,39,Female
610,10.56,15,32,Male
611,13,11,22,Male
612,6,14,21,Male
613,7.88,14.3,26,Female
614,12.94,17,33,Male
615,15.78,16,47,Male
616,24,6,54,Male
617,24.69,18.5,31,Female
618,18.96,15.8,53,Male
619,12.13,11,31,Male
620,14.62,13,28,Male
621,13,16,29,Male
622,13.5,11,25,Male
623,13.62,14.5,54,Male
624,9.4,10,51,Female
625,14.77,17,34,Female
626,7.5,12,24,Female
627,11.5,13,31,Female
628,10,14.5,46,Female
629,28.8,12,42,Male
630,19.38,11.5,28,Male
631,24,15,30,Female
632,6.71,11.6,20,Male
633,23.42,12.5,43,Male
634,15.33,13,34,Female
635,12.48,13,28,Male
636,14.65,12.7,37,Female
637,8.91,10.1,35,Female
638,16.46,11,51,Female
639,16.76,19.5,37,Male
640,15.34,12.3,31,Male
641,26.62,16.5,45,Male
642,8.96,12,23,Male
643,20.87,13,42,Male
644,7,12,19,Female
645,38.34,20,47,Female
646,9,13,28,Male
647,25.63,14,38,Female
648,30.72,16.5,48,Male
649,5.15,12.5,29,Female
650,21.6,15,42,Male
651,28.8,15,62,Female
652,14.93,19,28,Male
653,15,15,25,Male
654,9,14.1,20,Female
655,13.76,10,24,Male
656,24,12.5,48,Male
657,28.16,14,51,Female
658,6.48,10,56,Female
659,13.06,13,38,Female
660,17.46,9,45,Male
661,6.76,13,18,Female
662,21.94,17,30,Female
663,18.79,14,52,Female
664,29.22,16.2,40,Male
665,13.75,17.4,40,Female
666,10.22,13.2,30,Male
667,21.99,16,55,Female
668,15.25,12,34,Male
669,6.7,16.3,23,Female
670,8.47,17.5,24,Female
671,11,14,20,Male
672,13.14,15,25,Male
673,11.45,12,23,Male
674,21.94,11,56,Female
675,36.32,17,57,Male
676,12.48,10,49,Male
677,16.06,16,30,Female
678,16.85,10.5,61,Female
679,14,15,49,Male
680,7,16,42,Male
681,8.33,14,42,Female
682,11.78,13,52,Female
683,12.25,12.5,58,Female
684,21.94,17,42,Male
685,10.18,10,41,Female
686,18.81,13.5,40,Male
687,4.63,14.5,24,Female
688,22.21,13,40,Male
689,9.45,13,23,Male
690,21.34,12,49,Male
691,11.87,13,36,Female
692,25.12,12,44,Male
693,8.03,11.6,20,Male
694,16,12,48,Male
695,14.89,17.5,35,Female
696,6.7,13,18,Male
697,18.92,20,41,Male
698,21.1,15,30,Female
699,10,12,49,Female
700,6.25,10.5,60,Female
701,9,9,33,Female
702,13,10,31,Male
703,7.16,7,18,Male
704,7.01,4,45,Female
705,9.63,12,18,Male
706,13.78,10.5,56,Female
707,15.36,18,23,Male
708,7,12,18,Female
709,11,11,25,Male
710,15.43,11.2,55,Female
711,11.5,15,33,Female
712,29.62,13.5,33,Male
713,33.39,16.1,46,Female
714,22.08,12,30,Male
715,12.51,13,26,Female
716,6.7,12,18,Male
717,9.57,15,34,Male
718,9.66,10,45,Male
719,19.04,20,29,Female
720,13,17.1,26,Female
721,9,8,58,Female
722,22.68,15,45,Male
723,6.5,12.2,21,Female
724,6.75,12,57,Female
725,26.98,20,40,Female
726,30.1,16,46,Female
727,38.76,11.5,33,Male
728,18.13,16,33,Male
729,17,8.2,35,Male
730,11,10,33,Male
731,6.61,16,29,Male
732,19.19,13,64,Female
733,38.4,15.2,39,Male
734,6,10,16,Male
735,27.36,19.7,46,Female
736,8.9,12,46,Male
737,9,14.5,20,Male
738,12,15,51,Male
739,12.9,17,23,Male
740,16.67,12,48,Male
741,18.58,8,54,Male
742,19,13,41,Male
743,25.51,16.5,37,Female
744,23.04,17,49,Female
745,14.47,12,39,Male
746,7.5,12,29,Female
747,11.55,10.5,51,Female
748,12,15,27,Female
749,17.57,18,27,Male
750,10,19.3,27,Female
751,15.54,12,34,Male
752,8.33,11,22,Male
753,7,12.5,54,Female
754,6.7,12.5,39,Female
755,17.67,16,44,Female
756,10.08,13,26,Female
757,18.24,16.5,26,Male
758,19.56,20,46,Male
759,8,15,23,Female
760,5.22,15,33,Female
761,25.44,10.6,35,Male
762,8.48,12.5,21,Male
763,14.88,12,35,Female
764,22.53,15,37,Male
765,7,11,18,Female
766,9.54,8.5,38,Male
767,9.32,13,49,Female
768,26.82,12.5,36,Female
769,23.68,13,39,Female
770,6.15,12.6,19,Female
771,9.5,12,58,Female
772,11.97,14.1,27,Male
773,15.89,13,42,Female
774,23.04,20,33,Female
775,15.42,16,24,Female
776,14.63,12,35,Female
777,8.79,12.5,47,Male
778,18.72,17,27,Male
779,6.85,16.8,25,Female
780,7.78,14,33,Male
781,15.85,14.5,40,Female
782,6.35,13,18,Male
783,31.2,16,68,Female
784,38.07,19,40,Male
785,5.75,14.3,36,Female
786,12,8,57,Male
787,15.74,17.6,25,Male
788,12.91,9,54,Male
789,15.36,12.5,26,Male
790,25.44,11,41,Male
791,9.24,15,21,Female
792,8.5,12,18,Male
793,8.7,12,45,Female
794,16.32,15.1,38,Male
795,6.09,14,22,Male
796,21.6,18,31,Female
797,17.5,11.5,25,Male
798,6.4,11.5,25,Female
799,14.65,13.1,42,Female
800,6.34,14,21,Female
801,40.56,15,45,Female
802,13.7,20,39,Female
803,24,12,38,Female
804,18.24,14.5,63,Male
805,13.25,14,45,Female
806,9.7,11,60,Female
807,10.75,13.6,36,Female
808,2.3,12,44,Female
809,24.36,12,45,Male
810,14.88,16,45,Female
811,17.14,14,28,Male
812,17.1,12,49,Female
813,14.4,12,31,Female
814,7.56,14,40,Female
815,9.75,11,51,Male
816,18.46,19,50,Male
817,22.08,20,40,Female
818,8.33,13.3,22,Male
819,26.93,14,57,Female
820,22.36,18.7,35,Male
821,19.2,19,30,Female
822,21.68,13,56,Male
823,8.33,15,34,Male
824,22.27,20,38,Female
825,29.9,14,45,Male
826,23.81,17,35,Female
827,28.32,17,38,Male
828,7.2,17,25,Male
829,10,12.3,21,Male
830,17.21,17,25,Male
831,12.48,12,36,Female
832,18.24,17,35,Female
833,23.04,16,31,Female
834,15.99,15.2,64,Male
835,19.2,10,47,Male
836,11.88,12,33,Female
837,11.92,14.5,22,Male
838,18,12,33,Male
839,31.74,17,49,Female
840,8.5,14.5,22,Male
841,24,15,38,Female
842,11,17.3,22,Male
843,24.05,14,31,Male
844,19.2,12,47,Male
845,17.26,11.2,53,Male
846,44.78,11,39,Male
847,14.02,9,48,Male
848,8,15.6,54,Female
849,12.86,14,32,Female
850,13.8,11,42,Female
851,22.32,13.8,47,Male
852,8.75,10,40,Female
853,8.89,12.5,46,Female
854,15.5,14,24,Female
855,15.16,14.6,32,Female
856,6.13,12.6,33,Female
857,7,12,17,Female
858,6.7,10,22,Female
859,8.5,9,54,Female
860,3.84,12,20,Male
861,17,9,60,Male
862,24,11,60,Male
863,15.57,12,52,Female
864,13.48,9,39,Female
865,12.5,13.5,60,Female
866,6.75,12.3,18,Female
867,21.6,13,42,Male
868,25.85,18,30,Male
869,5.75,12,51,Male
870,6.63,12,19,Male
871,15,6,51,Male
872,19.97,13,56,Female
873,13.7,15,39,Female
874,17.45,10,64,Male
875,8.34,17,24,Female
876,8.41,11,58,Male
877,14,16.4,25,Female
878,8.6,9,29,Male
879,11.18,0,64,Male
880,14.4,13.2,42,Male
881,16,13.5,38,Male
882,20.64,13,32,Male
883,11.8,9,60,Female
884,6.25,10,16,Female
885,23.04,20,42,Male
886,11.9,12,36,Female
887,9.01,10,16,Male
888,47.36,16,44,Female
889,8,13.5,25,Male
890,15.84,12,53,Male
891,12.07,13,55,Female
892,20,17,29,Male
893,12.48,12.5,31,Female
894,7.93,12,30,Female
895,30.24,17,51,Female
896,8.75,14.1,25,Male
897,12.2,13,34,Male
898,18.75,18,53,Female
899,15.95,13,54,Male
900,11,13.2,25,Male
901,13,17.5,41,Female
902,15.36,12,47,Female
903,7.1,9,50,Female
904,10.84,11,36,Male
905,15.36,12,36,Male
906,21.39,16,38,Male
907,7.08,17,28,Female
908,6.7,13.9,20,Female
909,26.77,14,34,Male
910,15,13,32,Female
911,30,16,37,Male
912,17.62,12,39,Male
913,10,9,46,Female
914,9.89,18,29,Female
915,25,15,32,Female
916,32.12,20,58,Male
917,25,13,30,Female
918,7.36,12.5,36,Female
919,8.75,11,17,Female
920,15.23,10,45,Male
921,18,12,47,Male
922,27.8,9,30,Female
923,17.95,15.5,24,Female
924,40.05,20,50,Female
925,12.5,9.5,29,Male
926,13.05,9,64,Female
927,17.85,13,44,Male
928,15,14,31,Male
929,10,13,34,Female
930,11.29,13,31,Male
931,7.54,12,38,Female
932,14.96,13,27,Male
933,10.26,10,32,Male
934,3.75,10,16,Male
935,16.22,12,26,Male
936,33.59,15.5,53,Female
937,11,14.8,36,Male
938,20.3,12,32,Female
939,15.75,20,34,Male
940,13.59,13,42,Female
941,11.5,12,41,Male
942,9.35,17,24,Male
943,8.12,12.1,16,Male
944,4.96,16,21,Female
945,32.64,12,65,Male
946,28.73,15.5,36,Male
947,9.6,12,39,Female
948,16.51,13,27,Male
949,24.07,19,29,Female
950,16.5,18,47,Male
951,14.71,9,54,Male
952,19,18.3,40,Male
953,7.5,15,31,Male
954,19.2,7,56,Male
955,16,10,48,Male
956,16.22,10,47,Male
957,6.83,14.3,41,Male
958,3.64,13.5,33,Female
959,19.2,12,30,Female
960,7.5,12.3,25,Female
961,10.18,15.3,37,Female
962,30,17,24,Female
963,17.76,10,50,Male
964,6.58,12,23,Male
965,14.23,13,64,Female
966,10,20,30,Female
967,7,17,34,Female
968,22.39,17.5,41,Female
969,4.29,13,42,Female
970,46.15,11,18,Male
971,11.52,9,53,Female
972,6.85,8,49,Female
973,6.53,10,45,Female
974,23.96,14,36,Male
975,28.74,17.5,54,Male
976,23.04,13.5,54,Male
977,16.81,12,61,Female
978,24,12,39,Male
979,19.55,14.1,27,Male
980,7.2,19,25,Female
981,8.55,11,38,Female
982,19.39,15,26,Male
983,24.48,19,31,Male
984,17,10.5,31,Male
985,20.16,16,48,Male
986,18.56,13.1,36,Female
987,12.81,15,35,Female
988,7.03,12,25,Male
989,25.8,12,54,Female
990,26.11,16,43,Male
991,20.64,14,44,Female
992,11.99,13.5,33,Male
993,7.4,12.9,19,Male
994,31.71,12,42,Male
995,11,10,36,Female
996,22.4,15.1,35,Female
997,6.75,16,22,Female
998,18.24,10,46,Female
999,7.47,9.4,24,Female
1000,12.39,9,37,Male
1001,33.59,17,46,Male
1002,20.85,18,42,Female
1003,15.28,12,30,Female
1004,17.1,13,29,Male
1005,11.68,8,60,Male
1006,7,13,26,Female
1007,5.69,10,38,Female
1008,22.54,15,36,Male
1009,8.53,13,37,Female
1010,14.13,19,46,Male
1011,16.32,14.5,45,Female
1012,12.29,17.5,28,Female
1013,9.23,12,36,Female
1014,15,17,51,Male
1015,19.61,13.9,31,Female
1016,27.79,18.1,35,Female
1017,10.56,16,24,Male
1018,7,14.5,25,Female
1019,10,14.5,23,Male
1020,6.63,12.5,47,Female
1021,18.92,12,51,Male
1022,18.24,14.1,40,Female
1023,29.26,16,43,Male
1024,16.45,13,34,Female
1025,11.49,12,50,Female
1026,6.7,15,21,Female
1027,13.25,12.5,37,Male
1028,14.59,18.1,43,Female
1029,15.36,13.5,34,Male
1030,16.4,13,55,Female
1031,12,13.5,41,Male
1032,9.15,12,17,Female
1033,8.61,14.8,37,Female
1034,25.58,17.3,42,Female
1035,21.6,12,42,Male
1036,13.06,9,22,Male
1037,15,13,36,Male
1038,9,14,31,Female
1039,12.8,14,42,Female
1040,16,16,32,Female
1041,18.03,15,31,Female
1042,12,17,19,Female
1043,18.26,14,29,Male
1044,15.84,20,29,Male
1045,6.76,13,29,Female
1046,19.68,11,43,Male
1047,24,16,54,Male
1048,7,12,31,Female
1049,3.63,13,19,Male
1050,27.65,18,54,Male
1051,17.87,17,25,Female
1052,27.93,12.2,37,Male
1053,14.35,10,34,Male
1054,17.84,8,46,Male
1055,15,12,44,Male
1056,21,10,40,Female
1057,25,16,37,Male
1058,15.36,17.4,25,Female
1059,21.12,17,45,Female
1060,13.44,16.6,39,Female
1061,20.31,14,37,Male
1062,9.41,13.8,21,Female
1063,6.8,12,19,Female
1064,23.04,11,57,Female
1065,9.21,10,17,Male
1066,13.63,13,25,Female
1067,24,16,44,Male
1068,20.95,13,42,Male
1069,7.5,11.5,44,Female
1070,17.34,12,37,Male
1071,7.05,10,19,Female
1072,21.3,10,31,Female
1073,15,12.5,34,Male
1074,13.56,13,43,Female
1075,32.64,18,48,Male
1076,47.88,19,49,Male
1077,30.38,14,33,Male
1078,23,14,45,Male
1079,6.7,12,17,Male
1080,23.04,12,35,Female
1081,13.82,10,53,Female
1082,6.54,12,17,Male
1083,12,12,28,Male
1084,16.7,19,59,Female
1085,12.8,14.5,36,Female
1086,20,16,47,Male
1087,9.03,16,29,Female
1088,30.24,18,47,Male
1089,16.73,12,40,Female
1090,10,9,64,Male
1091,12.78,11.5,33,Male
1092,21.31,20,26,Male
1093,45.36,15.7,24,Male
1094,20.07,16,43,Male
1095,8.39,17,24,Female
1096,19.2,12,34,Male
1097,35.2,14,40,Female
1098,6.71,12,65,Female
1099,21.6,12,47,Male
1100,23.06,19,23,Female
1101,14.84,10,49,Male
1102,19.18,9,48,Male
1103,12.37,12.5,42,Female
1104,21.04,12,37,Female
1105,6.75,11,61,Female
1106,10.98,12,26,Male
1107,12,13.6,19,Female
1108,10.7,15,28,Female
1109,17.67,15,36,Male
1110,9.99,15.5,23,Male
1111,28.8,12.2,45,Male
1112,14.38,16,27,Female
1113,11.81,10,39,Male
1114,6.5,12,19,Female
1115,22,10,47,Male
1116,17.42,18.1,25,Female
1117,11.61,13.4,40,Female
1118,9.43,12,35,Male
1119,19.9,17,41,Male
1120,8.65,13.1,20,Male
1121,19.2,15.1,47,Male
1122,10.18,12,28,Female
1123,6.76,10,16,Female
1124,12.96,16.3,25,Female
1125,7.35,18,26,Female
1126,40.96,17,52,Male
1127,13.59,12.5,29,Female
1128,9.54,12.5,33,Male
1129,14.49,10,46,Male
1130,28.8,17.1,49,Male
1131,10,11,17,Male
1132,6.7,14,21,Male
1133,26.96,13.5,47,Male
1134,12.19,13,19,Male
1135,6.5,12,19,Female
1136,32.91,17,52,Female
1137,15,14.1,22,Female
1138,15,14,31,Female
1139,5.11,15.6,23,Female
1140,7,15,18,Female
1141,31.2,10,52,Male
1142,23.04,18,38,Female
1143,6.78,13.8,18,Male
1144,15.36,15,52,Female
1145,13.68,11,49,Female
1146,17,13,35,Female
1147,25.92,14,53,Female
1148,6.85,11,17,Male
1149,13.92,14,31,Male
1150,6.7,11,17,Female
1151,16.59,20,26,Female
1152,14.06,12.3,19,Female
1153,5.64,13.9,20,Male
1154,10.45,19.3,45,Female
1155,14.34,10.6,38,Male
1156,14.11,17,30,Female
1157,16.96,0,42,Female
1158,6.7,17,24,Female
1159,7.39,15.5,20,Female
1160,10.85,15,32,Female
1161,3.31,9,34,Female
1162,28.8,12,59,Male
1163,13.96,13.5,27,Male
1164,10,14,26,Male
1165,21.5,16,49,Female
1166,12.81,12,54,Female
1167,19.2,13,39,Female
1168,17.76,15,27,Male
1169,14.4,9,55,Female
1170,40,14,38,Female
1171,10.87,8,51,Female
1172,6.7,12,17,Male
1173,6.91,11,48,Female
1174,15.72,16,43,Female
1175,25.67,13.5,30,Male
1176,29.33,18,40,Female
1177,20,12.3,42,Female
1178,22.98,14,29,Male
1179,10,15,40,Female
1180,11,12,36,Male
1181,8.09,14,22,Female
1182,8.5,17.1,27,Male
1183,19.75,19,33,Male
1184,27.27,14.8,40,Male
1185,11,12,56,Female
1186,12.6,13,38,Female
1187,25.98,15,47,Female
1188,4.03,13.6,30,Female
1189,18,14,31,Male
1190,16.95,18,29,Female
1191,8,8,30,Male
1192,3.19,13,18,Female
1193,6.7,13,18,Female
1194,15.87,15,30,Female
1195,19.61,16.1,30,Female
1196,11.67,10,55,Female
1197,6.8,11,17,Female
1198,13.5,12.8,24,Male
1199,7.95,12.5,33,Female
1200,6.7,13,19,Female
1201,13.53,14,33,Male
1202,8.16,13,18,Male
1203,28.8,16,33,Male
1204,26.4,11,38,Male
1205,25.93,15,42,Female
1206,13.44,12,64,Female
1207,19.26,13.6,39,Male
1208,6.75,11,19,Male
1209,8.5,8,53,Male
1210,9,8,43,Male
1211,12,12,21,Female
1212,11.25,11.5,30,Male
1213,6,13,17,Female
1214,8.89,10,62,Male
1215,26.4,17,39,Male
1216,11.96,10.5,48,Female
1217,25.6,16,40,Male
1218,23.04,15.5,56,Female
1219,7.5,12.5,39,Female
1220,22.2,12,48,Female
1221,6.85,11,18,Male
1222,7.75,13,37,Male
1223,12,13,22,Male
1224,6.85,13,32,Female
1225,22.5,15.4,62,Female
1226,30.24,19,43,Female
1227,13.02,13,37,Female
1228,26.48,15,33,Male
1229,11.52,12,46,Male
1230,17.76,12,42,Female
1231,15.32,7,62,Male
1232,6.49,18.3,24,Female
1233,6.46,15.3,28,Female
1234,11,12,26,Female
1235,7,12.5,34,Female
1236,16.8,15,40,Male
1237,21,16.5,47,Female
1238,13,12,29,Female
1239,26.35,14,36,Female
1240,13.38,12,45,Female
1241,15,19,40,Female
1242,14.8,15,42,Male
1243,27.03,14,32,Male
1244,14.09,13,31,Male
1245,11.43,9,19,Female
1246,4.03,10.4,17,Female
1247,12,11,24,Male
1248,9.6,9,52,Female
1249,18.65,12,28,Male
1250,32.16,18,40,Male
1251,8.05,12,41,Female
1252,8,10.4,34,Male
1253,10,12,19,Male
1254,7.45,14,35,Female
1255,25.81,12,37,Male
1256,29.98,17,44,Female
1257,38,13,34,Male
1258,12.6,12,40,Female
1259,16.46,10.5,44,Female
1260,20.64,18,50,Male
1261,41.14,18,46,Female
1262,10.21,14,21,Female
1263,9.25,8,55,Female
1264,17.81,14.5,42,Female
1265,16,13,34,Male
1266,17.28,15,36,Male
1267,8.5,9,62,Female
1268,11.35,12.2,48,Female
1269,18.24,13.4,29,Female
1270,24.84,15.3,33,Male
1271,6.87,6,55,Female
1272,18.07,15.6,27,Male
1273,10.2,12.5,28,Female
1274,14.28,12,39,Male
1275,10.29,13.6,18,Female
1276,15.57,12,39,Female
1277,7.64,11,31,Male
1278,24.69,13,54,Male
1279,14.98,16,53,Male
1280,8,11.5,46,Female
1281,33.6,16,36,Male
1282,8.74,12,23,Male
1283,26.85,12,31,Female
1284,42.93,20,64,Male
1285,31.2,20,57,Male
1286,25.34,16,29,Male
1287,16.67,18.4,39,Male
1288,19.2,16,51,Male
1289,20.48,17,27,Female
1290,9.17,9.5,63,Male
1291,5.84,14,40,Female
1292,7,11,32,Male
1293,7,9,33,Female
1294,10.34,13.3,41,Female
1295,16.72,14,36,Female
1296,9.6,11,41,Male
1297,12,10,48,Female
1298,15.6,14,27,Male
1299,24.76,15,64,Female
1300,20.88,19,35,Male
1301,6.7,8,30,Female
1302,44.28,15,59,Male
1303,22.08,11,54,Male
1304,18.52,14,25,Male
1305,16.78,14.1,35,Male
1306,17,12,48,Female
1307,20.16,20,56,Male
1308,28.53,16,41,Male
1309,6.85,10,16,Female
1310,15.84,13,64,Male
1311,6.98,12.8,19,Female
1312,21.25,12,42,Male
1313,7.19,11.6,19,Female
1314,15.93,9.2,34,Female
1315,34.56,17,46,Male
1316,13.44,12,39,Female
1317,8.09,8,41,Female
1318,24.14,10.5,49,Male
1319,21.38,10,58,Male
1320,13.19,10,43,Female
1321,23.04,11,39,Female
1322,19.2,12,50,Female
1323,19.2,18,35,Female
1324,14.83,10,51,Male
1325,25.95,15,37,Female
1326,18.57,13.5,31,Male
1327,12.8,11.5,58,Female
1328,18.43,20,30,Female
1329,15.52,17,25,Male
1330,21.6,10,40,Male
1331,9.2,18,27,Female
1332,8.7,19,25,Female
1333,15.36,12,41,Female
1334,10,16,23,Male
1335,9,12,32,Male
1336,7.97,10.3,29,Male
1337,12.13,12.5,31,Male
1338,7.06,15.5,23,Male
1339,26.62,17.3,40,Male
1340,20.77,13,53,Female
1341,20.16,12.5,30,Male
1342,14.4,11,62,Male
1343,6.72,10,18,Male
1344,16.46,9.5,35,Male
1345,10,15.2,25,Female
1346,27.36,16,36,Male
1347,15.84,13,61,Female
1348,7.24,19,28,Female
1349,10,12,22,Female
1350,11.36,9,32,Male
1351,7.5,12,21,Male
1352,9.32,12.5,23,Female
1353,34.56,19.2,51,Female
1354,6.5,11.3,19,Male
1355,6.75,15.3,24,Male
1356,10.5,12,40,Female
1357,13.44,9.5,38,Female
1358,14.7,12.5,34,Male
1359,17.01,13.6,32,Female
1360,30.46,11,57,Male
1361,17,12,31,Female
1362,49.92,20,41,Female
1363,14,10.2,53,Male
1364,45.38,18,36,Male
1365,16.96,19,28,Female
1366,6.85,9.5,22,Female
1367,10.71,10,52,Male
1368,10,14.1,37,Female
1369,10,10,30,Female
1370,19.93,15,48,Male
1371,27.84,18,50,Female
1372,10,14,43,Female
1373,21.84,17,44,Female
1374,27.14,17.2,28,Male
1375,5.8,14,35,Female
1376,7,12,30,Female
1377,15.36,12,39,Female
1378,6.63,13.5,22,Female
1379,15.3,11,56,Male
1380,4.88,12.6,20,Male
1381,6.7,11,18,Female
1382,22.22,9,23,Male
1383,8,12,30,Male
1384,6.4,10.8,18,Female
1385,21.53,10.5,38,Male
1386,16.32,10,58,Female
1387,14.4,14.3,30,Female
1388,20.68,10,48,Male
1389,14,12,23,Male
1390,12.1,14,36,Female
1391,15.51,11.3,32,Male
1392,16.86,13.6,32,Male
1393,23.04,15,33,Female
1394,14,17.5,25,Male
1395,13.07,11,51,Female
1396,16,13,37,Female
1397,6.79,12,35,Female
1398,9,13.5,28,Female
1399,9,10,38,Female
1400,20,13,57,Male
1401,16,13.5,22,Male
1402,27.31,17,44,Male
1403,29.18,16,57,Female
1404,6.9,10,60,Male
1405,14.63,14,23,Female
1406,15.78,13.6,37,Female
1407,24.96,16,37,Male
1408,21.06,15,59,Female
1409,5.97,11.3,34,Female
1410,25.72,8,57,Male
1411,18.41,16,28,Male
1412,7,15.8,21,Female
1413,15.79,19,38,Male
1414,10,8,54,Female
1415,9.19,12,18,Male
1416,19.2,12.6,33,Male
1417,26.72,16,49,Female
1418,10.26,13,31,Female
1419,14.81,15,29,Male
1420,7.5,12,38,Female
1421,8.5,19,31,Female
1422,16.5,12,37,Male
1423,12.49,11,25,Female
1424,10.47,11,29,Male
1425,12,13,39,Female
1426,10,10,58,Female
1427,25.26,15.5,48,Female
1428,30,11,52,Female
1429,12,12,34,Female
1430,6.75,13,56,Female
1431,8.99,10,18,Female
1432,3.41,16,22,Female
1433,9.25,11,37,Male
1434,17.49,16,37,Male
1435,20.11,14,39,Female
1436,9.25,8,33,Female
1437,16.16,17.5,32,Female
1438,6.78,12,19,Female
1439,10,10,48,Female
1440,9.5,10,39,Male
1441,24.19,17,54,Male
1442,23.25,12,27,Male
1443,24.96,17,32,Male
1444,13.37,12,24,Male
1445,20.34,13,32,Male
1446,7.85,13.5,25,Female
1447,17.41,13.3,35,Female
1448,12.85,12,52,Female
1449,12,17,27,Female
1450,17,12,30,Male
1451,13,12,43,Female
1452,7.63,12,23,Female
1453,10.87,12.5,34,Male
1454,22.75,14.4,28,Male
1455,16,11,55,Male
1456,8.5,13,50,Female
1457,19.2,17,56,Male
1458,24.48,17.1,37,Male
1459,7.94,13,24,Male
1460,10,13.1,18,Male
1461,14.59,14,34,Male
1462,17.9,16,27,Male
1463,19.73,15,68,Male
1464,9,17.5,26,Male
1465,11.44,17,22,Male
1466,37.88,19,36,Male
1467,6.75,10.8,17,Male
1468,9.5,12.9,22,Female
1469,19.5,19.4,53,Female
1470,11.64,11,33,Male
1471,23.52,12,32,Male
1472,9.6,12,45,Female
1473,15.42,12.5,39,Male
1474,20.64,18.5,37,Female
1475,14.84,12,45,Female
1476,12.53,12,26,Male
1477,15.5,11,64,Male
1478,10.45,13,31,Female
1479,15.16,17,32,Male
1480,8.57,15,37,Male
1481,10,12,50,Female
1482,13.71,17,44,Female
1483,13.44,15,41,Male
1484,9.5,12.4,44,Female
1485,11.04,14,31,Male
1486,7.75,16.5,30,Female
1487,10,10.6,45,Female
1488,8.74,12,31,Male
1489,25.64,19.1,35,Male
1490,10.48,14,27,Male
1491,9.86,15.5,22,Female
1492,20.28,20,31,Female
1493,10,13.5,45,Female
1494,11.71,16.4,25,Male
1495,6.55,12.5,25,Female
1496,15,12.5,31,Female
1497,20.33,13,38,Male
1498,26.65,17,47,Male
1499,11.52,12.5,24,Female
1500,7.5,12.5,34,Male
1501,19.72,19.5,25,Male
1502,12.05,10,40,Female
1503,10.24,13,53,Female
1504,11.6,12,49,Female
1505,10.22,17.7,61,Female
1506,19.23,20,54,Male
1507,9.74,13,35,Female
1508,11.51,12,19,Male
1509,6.8,13.5,48,Female
1510,22.27,17.6,40,Male
1511,17.07,12,32,Male
1512,17,9,52,Male
1513,8.5,17.5,26,Male
1514,12,12,47,Female
1515,22.19,12,45,Male
1516,6.7,10,16,Female
1517,7.5,14,29,Female
1518,17,13,33,Female
1519,10.12,12,32,Female
1520,14.5,13,37,Male
1521,6.5,15,19,Female
1522,40.96,17,54,Male
1523,6.7,12.8,19,Female
1524,11,10.5,57,Male
1525,23.04,18.7,34,Female
1526,7.69,13,21,Male
1527,10.88,13.8,25,Male
1528,6.7,14,20,Female
1529,12.77,12,36,Female
1530,7,12,18,Female
1531,6.5,19,24,Female
1532,13.41,18,29,Male
1533,15.61,17.3,27,Male
1534,14.26,10,58,Female
1535,7.21,11,17,Male
1536,14.11,10.5,31,Female
1537,5.13,10,16,Female
1538,10,14,59,Female
1539,6.7,8,53,Female
1540,48.29,15.1,46,Male
1541,28.53,17,36,Female
1542,17,13,32,Male
1543,6.65,15.5,20,Male
1544,18.11,13,30,Female
1545,19.12,14,46,Female
1546,13.58,12.8,40,Female
1547,6.75,13,51,Female
1548,13.73,11.3,39,Female
1549,6.35,9,16,Male
1550,16.24,20,48,Male
1551,9,14.6,23,Male
1552,19.8,16,51,Female
1553,10.69,10.5,41,Male
1554,13.68,12.5,31,Male
1555,32.35,12,41,Male
1556,8,14,28,Female
1557,24.96,20,37,Female
1558,23.04,14.5,46,Male
1559,25.93,18,27,Female
1560,19.2,13,57,Male
1561,9.75,11,60,Male
1562,8.79,4,45,Female
1563,17.03,16.1,40,Male
1564,32.52,18.8,42,Male
1565,15.66,8,54,Male
1566,14.43,12,43,Female
1567,25.26,13,56,Male
1568,28.16,19.1,52,Female
1569,15,15,35,Male
1570,14.13,12.9,45,Female
1571,11.94,11.6,45,Female
1572,25.5,20,29,Male
1573,6.7,13,19,Male
1574,25,14.2,40,Female
1575,28.8,13,48,Male
1576,31.15,15,64,Male
1577,14.94,8.3,48,Female
1578,9.85,14.6,21,Female
1579,17.4,10,31,Female
1580,27.22,17,29,Male
1581,22,16.1,40,Male
1582,15.44,13.5,31,Female
1583,17.28,15,32,Female
1584,23.04,12.5,55,Male
1585,15.79,10,52,Male
1586,10.71,14,21,Male
1587,34.9,15,30,Female
1588,14.08,14,51,Male
1589,10,16,25,Male
1590,24.96,17,50,Female
1591,15.26,12,44,Female
1592,10.75,15,22,Male
1593,21.22,17,39,Female
1594,9.97,15.5,27,Male
1595,18.24,8,52,Male
1596,8.75,13,47,Female
1597,8,8,37,Female
1598,14,13,37,Female
1599,12.39,11,20,Female
1600,17.5,4.1,48,Male
1601,12,13,25,Female
1602,15.2,16.3,26,Female
1603,27,16,59,Male
1604,8,11,25,Male
1605,6.35,12.6,18,Female
1606,12.5,13.5,61,Male
1607,9.69,11,17,Female
1608,23.59,15,36,Female
1609,6.7,15,20,Female
1610,6.25,12,53,Female
1611,10.52,10,28,Male
1612,31.6,14,31,Female
1613,6.51,12.3,19,Male
1614,9.83,16.5,26,Female
1615,40.64,17,46,Male
1616,14,10,37,Male
1617,18.94,19,54,Male
1618,7.8,15.5,23,Male
1619,21.16,18,30,Male
1620,8,13,30,Female
1621,10.75,10,19,Male
1622,14.93,17,24,Female
1623,40,19,42,Female
1624,20.35,12.5,52,Female
1625,6,15,20,Female
1626,13.61,12,36,Male
1627,30.48,17,49,Male
1628,17.76,18,44,Female
1629,7.63,12.8,37,Male
1630,12.03,15,26,Female
1631,13,12,48,Female
1632,13.79,13.5,24,Male
1633,7,10.8,19,Male
1634,12.29,12.5,23,Female
1635,18.5,8,58,Male
1636,29.44,17,48,Female
1637,15.91,15,29,Female
1638,7.22,16,23,Female
1639,24.96,16,50,Male
1640,14.84,13,60,Male
1641,17.64,12.5,36,Male
1642,6.51,16,43,Female
1643,22.68,14,41,Male
1644,28.04,10.5,43,Male
1645,7,12,25,Female
1646,21.12,19,42,Female
1647,15.84,17,25,Female
1648,17.81,13,25,Female
1649,25.92,17,47,Male
1650,7.61,14.5,30,Female
1651,17.28,10,31,Female
1652,10.17,12.5,36,Female
1653,7,12,35,Female
1654,31.2,17.3,52,Male
1655,31.33,20,53,Male
1656,22.53,12.5,28,Female
1657,7.5,10,52,Female
1658,14.26,10,41,Male
1659,12,12,59,Female
1660,19.2,17,44,Male
1661,15,11.5,48,Female
1662,22.23,8,57,Male
1663,30,12,61,Female
1664,8.42,12.3,58,Female
1665,20,10,34,Male
1666,19.66,10,48,Male
1667,7.9,12.4,23,Male
1668,37.76,15,50,Male
1669,33.12,20,53,Male
1670,24,9,47,Female
1671,14.07,15.6,50,Female
1672,11.52,15,35,Female
1673,9.58,13.1,19,Male
1674,10.45,14,28,Female
1675,10,8,61,Male
1676,19,14,53,Female
1677,16.2,16.1,48,Male
1678,17.47,14,35,Male
1679,7.1,12,28,Female
1680,15.52,16,44,Female
1681,30.22,11,53,Female
1682,8.62,13,19,Female
1683,39,17,47,Male
1684,24.98,13,40,Male
1685,6.75,12,33,Female
1686,7.5,12,33,Male
1687,10.35,15,43,Female
1688,5.86,11,25,Female
1689,10.92,12,26,Male
1690,10.96,13,36,Female
1691,13.01,9.5,30,Female
1692,24,12.6,42,Male
1693,16,16,26,Female
1694,13.71,12,63,Female
1695,6.25,11,17,Female
1696,25.14,16.5,43,Male
1697,21.33,13.4,34,Male
1698,18.64,17,29,Male
1699,23.55,13,48,Male
1700,6.7,14.5,19,Male
1701,13.83,13,33,Female
1702,15,10,45,Male
1703,10.56,12.5,39,Male
1704,13.23,15,58,Male
1705,16.96,6,54,Female
1706,7,13,59,Female
1707,20.94,16,28,Male
1708,7.2,15,43,Female
1709,12.75,13.4,31,Male
1710,7.34,11.5,65,Female
1711,22.4,12,28,Male
1712,17.38,13,31,Male
1713,12.77,12.9,31,Male
1714,14.38,12,34,Male
1715,26.88,17,42,Female
1716,9,14,34,Female
1717,7.03,12,18,Female
1718,28.64,20,51,Female
1719,8.72,9.9,32,Female
1720,17.99,12,56,Male
1721,10.4,11.9,20,Male
1722,6.75,10.3,44,Female
1723,17.92,12,48,Female
1724,6.7,16,22,Female
1725,13.68,12,28,Male
1726,12.29,9,36,Female
1727,12,14,21,Male
1728,27.69,11,38,Male
1729,3,14,44,Female
1730,6,12,18,Male
1731,25,17,24,Female
1732,11,9,42,Female
1733,17.01,14,37,Female
1734,6,11.8,19,Female
1735,16,10.6,47,Female
1736,11.51,13.2,36,Male
1737,15.81,9.5,51,Male
1738,27.92,19,34,Female
1739,30,10,51,Male
1740,14.21,10.5,54,Female
1741,27.14,12.8,35,Male
1742,30.32,12.6,56,Male
1743,27.84,12,45,Male
1744,11.94,14.6,34,Female
1745,12,15,26,Male
1746,28.9,17,55,Male
1747,16.5,12,42,Male
1748,18.16,10.5,40,Female
1749,7,11.3,18,Male
1750,14,14,23,Male
1751,20.16,12,36,Female
1752,16.8,10,52,Male
1753,20,10.5,51,Male
1754,12,15,36,Female
1755,8.76,18,23,Male
1756,8.2,13,57,Female
1757,12.87,12.7,34,Female
1758,4.89,12,40,Male
1759,15.56,13.4,48,Female
1760,17.41,16,29,Female
1761,9.72,12,51,Female
1762,6.25,12,20,Female
1763,19.46,12.4,35,Male
1764,7,11,56,Female
1765,21.14,14,53,Male
1766,23.77,9.5,65,Male
1767,25,15,47,Male
1768,7,14,19,Female
1769,15.33,20,29,Male
1770,19.95,16,28,Male
1771,12.75,11,42,Male
1772,25.15,16,42,Male
1773,12.07,10.5,37,Male
1774,9.13,15.6,19,Male
1775,9.65,13,37,Female
1776,12,12,34,Male
1777,6.5,10,16,Male
1778,12,13,61,Female
1779,8,10,30,Female
1780,9.83,11.3,21,Female
1781,7.5,0,35,Female
1782,14.37,1,58,Male
1783,6.5,12.4,25,Male
1784,19.68,10,40,Male
1785,9.5,13.5,22,Female
1786,6.67,16,23,Female
1787,23.04,17,39,Male
1788,16.8,14,37,Male
1789,15.86,10,31,Female
1790,28.8,8,54,Male
1791,17.6,12.5,40,Male
1792,10.19,12,27,Male
1793,13.09,6,59,Male
1794,20.64,11,41,Male
1795,12.92,15,35,Female
1796,21.6,17.5,50,Male
1797,26.4,10.5,49,Male
1798,6.75,15.5,22,Female
1799,12.76,12,31,Female
1800,8.5,15,32,Female
1801,16.9,10,53,Female
1802,9.12,13,30,Male
1803,7,13,40,Female
1804,11.5,11,30,Female
1805,17.98,17,34,Male
1806,26.4,14,33,Male
1807,10.3,10,42,Male
1808,16.79,12.5,38,Male
1809,13.28,12.5,54,Female
1810,11,15,28,Female
1811,6.7,14.1,26,Female
1812,9.6,8.5,54,Female
1813,12.8,12,27,Female
1814,23.47,13,36,Male
1815,11,10,41,Female
1816,9.91,20,24,Female
1817,7,11,17,Male
1818,8.62,16,61,Female
1819,17.98,9,49,Male
1820,18,12,32,Male
1821,19.19,13,53,Female
1822,25.6,12,44,Female
1823,28.8,18,42,Male
1824,24.81,12,52,Male
1825,18.22,15.5,23,Female
1826,38.4,19,45,Female
1827,7,15,48,Female
1828,17.26,12,28,Male
1829,6.5,11,37,Female
1830,9.5,11,20,Male
1831,12,11,29,Male
1832,11.91,13.4,30,Female
1833,32.64,18,37,Male
1834,25.44,16.1,46,Female
1835,13.44,11.1,22,Female
1836,13.75,9,16,Male
1837,7.2,12,20,Male
1838,26.88,20,36,Male
1839,16.3,12,27,Male
1840,7.06,13,40,Female
1841,14.97,13,53,Male
1842,20.5,16,52,Female
1843,9.94,15.9,27,Female
1844,7.2,14,28,Female
1845,11.52,20,61,Male
1846,16.32,11.5,38,Male
1847,10.37,15,39,Male
1848,14.35,14,49,Female
1849,10.56,8,51,Female
1850,15.53,14,38,Male
1851,9.58,11,17,Female
1852,12.95,4,54,Male
1853,8.5,12,27,Female
1854,6.7,13,18,Male
1855,11.07,14,42,Male
1856,10.45,8,31,Male
1857,13.99,14,24,Female
1858,13.17,11,46,Female
1859,17.28,10,52,Male
1860,10.93,14,44,Male
1861,3.84,12,44,Male
1862,8.9,12,54,Male
1863,6.85,12,18,Female
1864,14.45,12.5,27,Male
1865,14.89,12,35,Female
1866,15.87,15.3,33,Male
1867,12.11,15,21,Male
1868,26.85,16,37,Female
1869,20.24,14.5,38,Male
1870,11.75,12,21,Female
1871,20.64,15.1,38,Male
1872,11.2,16,39,Male
1873,18,15,29,Male
1874,15.36,19.9,29,Male
1875,12.29,12,33,Female
1876,7.2,8,37,Female
1877,6,11,18,Male
1878,13.04,12.5,33,Female
1879,14.85,10.5,30,Male
1880,8.39,11,36,Female
1881,24,18,36,Male
1882,10.36,14.5,44,Female
1883,18.21,10,46,Female
1884,15.36,12.2,22,Male
1885,17.62,12.5,33,Male
1886,15.39,15,55,Female
1887,17.92,17,28,Female
1888,7,12.5,50,Female
1889,15,13.5,31,Male
1890,8.98,14,31,Female
1891,6.85,14.1,21,Male
1892,15.92,12.5,47,Male
1893,23.04,17.5,41,Male
1894,7,11,16,Male
1895,10,19,26,Male
1896,15.71,12,40,Male
1897,8.98,13.5,22,Female
1898,7.07,10.3,18,Female
1899,12,17,23,Male
1900,10,10.5,36,Male
1901,30.72,17.5,45,Male
1902,11.19,11,21,Male
1903,14.4,13.1,25,Male
1904,18.24,13,33,Male
1905,10.95,10,25,Female
1906,16.05,10.5,26,Male
1907,14.86,8,61,Female
1908,30.72,14,37,Female
1909,18.24,13,41,Female
1910,7,12,19,Female
1911,13.3,13,30,Male
1912,30,12,63,Male
1913,9,12,36,Female
1914,19.76,15.5,20,Female
1915,14.39,12,41,Female
1916,6,9.5,60,Female
1917,18.72,17.2,48,Male
1918,17,12.9,30,Male
1919,17.91,12,24,Male
1920,19.92,13.3,30,Male
1921,15.36,13,34,Female
1922,7.91,12.2,31,Female
1923,7.92,16,28,Male
1924,15.36,14.5,40,Female
1925,8.12,0,53,Female
1926,24,14.2,48,Female
1927,15.17,20,43,Female
1928,13.59,14,25,Male
1929,9.9,13,50,Female
1930,9.81,12.5,24,Male
1931,21.82,12.5,38,Male
1932,24.96,17,31,Female
1933,6.77,10.5,46,Female
1934,18.92,13,53,Male
1935,27.66,14.5,40,Male
1936,10.46,15.5,25,Female
1937,17.91,14,37,Female
1938,21.6,17,51,Female
1939,6.75,12.5,40,Female
1940,13.6,11,31,Male
1941,6,15,22,Male
1942,36,11,49,Male
1943,17.41,13,36,Female
1944,11.17,15,31,Male
1945,7.3,11,18,Male
1946,12.78,15,34,Female
1947,7,12,32,Male
1948,28.56,20,36,Female
1949,9.5,12,59,Female
1950,6.9,12,20,Male
1951,12.84,11,17,Female
1952,16.8,11,50,Male
1953,10.2,10.5,47,Female
1954,16.58,12,41,Male
1955,12.55,8,60,Male
1956,4.98,15,21,Female
1957,14.97,16.6,27,Male
1958,3.43,12.6,31,Male
1959,4.2,2,16,Female
1960,18.57,12,36,Male
1961,21.6,10,35,Male
1962,17.4,15,33,Male
1963,21.84,20,29,Male
1964,18.03,15.1,38,Male
1965,12.46,12,36,Male
1966,16.1,12.5,36,Female
1967,21.18,17,39,Female
1968,38.4,12,39,Male
1969,12.22,11,26,Male
1970,9.72,15,28,Male
1971,21.57,11,34,Male
1972,14.81,14,36,Female
1973,6.81,13,18,Male
1974,17.67,12,43,Male
1975,32.6,20,38,Male
1976,12.8,11.5,46,Female
1977,8.26,11.2,18,Male
1978,16.46,12,32,Female
1979,28.54,17,26,Male
1980,7,18.3,25,Female
1981,29.54,11.5,47,Female
1982,12.07,17,25,Male
1983,15.67,12.5,43,Female
1984,8,11,22,Female
1985,7.25,9.5,45,Female
1986,6.7,16,66,Male
1987,11.93,12.5,30,Female
1988,6.45,12,17,Male
1989,32.47,17,40,Male
1990,8,15,59,Female
1991,7,12,57,Female
1992,32.16,17,40,Female
1993,19.4,17,37,Male
1994,8.9,9,32,Male
1995,7,14,20,Female
1996,9.5,13,27,Male
1997,10.14,17.6,24,Male
1998,8.5,12,34,Female
1999,7.5,6,51,Female
2000,8.37,17,23,Female
2001,15.06,11,42,Male
2002,5.58,10,33,Male
2003,14.6,11,54,Female
2004,10,11,64,Female
2005,7.11,14.6,21,Female
2006,12.8,13,41,Male
2007,6.99,13,48,Female
2008,13.04,18,36,Female
2009,8.57,13,18,Female
2010,18.21,16,57,Female
2011,14.33,11,39,Female
2012,6.47,15.5,22,Female
2013,11.5,13,24,Male
2014,17.35,11.5,32,Female
2015,14.85,8,55,Female
2016,22.56,17,32,Male
2017,6.84,14,19,Female
2018,9.43,14,58,Male
2019,14.44,17.2,38,Female
2020,15.33,13.6,25,Male
2021,12.64,10,34,Female
2022,12.8,20,45,Male
2023,12.48,11,39,Female
2024,10.81,14,20,Male
2025,30.72,15,42,Male
2026,17.5,11,16,Male
2027,10,12,49,Female
2028,21.39,20,35,Female
2029,20.4,20,25,Male
2030,15.5,14,26,Male
2031,19.68,16,42,Male
2032,12.1,10,32,Male
2033,15,13.5,39,Female
2034,8,12,24,Male
2035,10.46,17,31,Male
2036,26.18,20,48,Female
2037,11.76,17.6,32,Female
2038,18.99,13,62,Male
2039,8,15,38,Female
2040,7,12,18,Female
2041,23.33,12,39,Female
2042,12,14,45,Male
2043,24.44,13,37,Male
2044,28.8,14,53,Male
2045,7,3,17,Female
2046,8,6,25,Male
2047,23.87,12.5,51,Male
2048,12.8,12.1,48,Female
2049,20.16,20,25,Male
2050,13.31,12,39,Female
2051,8.55,8,54,Male
2052,26.4,12,48,Male
2053,18.24,8,58,Male
2054,6.25,11,17,Female
2055,31,16,43,Female
2056,9,16.5,25,Male
2057,17.4,13.6,49,Female
2058,9.6,10,25,Male
2059,6.76,11,55,Female
2060,32.64,15,38,Female
2061,24.32,20,35,Male
2062,38.4,10.5,39,Male
2063,40.32,18,49,Male
2064,7.5,14.6,23,Male
2065,4.95,14,31,Male
2066,19.76,14,32,Female
2067,8,10,28,Female
2068,6.85,10,42,Female
2069,18.25,20,34,Female
2070,38.4,17,36,Male
2071,32.64,17,30,Male
2072,19.2,16,45,Female
2073,15.73,18,39,Male
2074,9.01,13,46,Male
2075,17,10,41,Male
2076,12.59,10,50,Male
2077,24.48,18,53,Male
2078,8,13.5,37,Female
2079,28.8,14.5,51,Male
2080,23.91,12,26,Male
2081,21.6,10,42,Male
2082,17.16,15,41,Male
2083,11.25,16.3,30,Male
2084,6.75,15,45,Female
2085,13.67,12,30,Male
2086,19.08,16,33,Male
2087,16.9,12.1,43,Male
2088,20.21,15,33,Male
2089,9.95,12,55,Female
2090,7,17.6,25,Female
2091,27.56,14,40,Female
2092,15.84,14,32,Female
2093,20.68,12.5,38,Female
2094,19.7,12,23,Female
2095,10.09,12.1,35,Female
2096,8.63,17,24,Male
2097,17.52,12.5,40,Male
2098,17.22,15,28,Male
2099,13.5,10.2,30,Male
2100,14.15,11.5,53,Female
2101,18,15,41,Female
2102,25.95,11,55,Male
2103,13,12,26,Male
2104,24,17,38,Female
2105,6,11,16,Female
2106,32.4,16,31,Male
2107,7,11.5,66,Female
2108,17,11,33,Male
2109,18.46,12,50,Male
2110,10.63,12,31,Female
2111,18.24,8,51,Male
2112,7.79,13.1,18,Female
2113,35.96,20,48,Male
2114,16.67,8,51,Male
2115,16.26,14.4,32,Female
2116,10,14,29,Female
2117,11.06,10,29,Male
2118,15,6,53,Male
2119,7.88,14,23,Female
2120,49.44,20,55,Male
2121,7,16.3,31,Female
2122,17.28,12,61,Male
2123,27.44,16,33,Male
2124,10.28,13.5,29,Female
2125,11,11,38,Male
2126,9.12,12,57,Female
2127,14.93,15.6,22,Male
2128,4.72,11,18,Male
2129,12.5,10,35,Male
2130,10.26,10,57,Female
2131,17.6,13.2,41,Female
2132,16,10.8,26,Male
2133,35.84,20,49,Female
2134,8.51,10,59,Female
2135,19.2,11.5,57,Male
2136,16,14,49,Male
2137,15.75,15,31,Male
2138,37.6,16,43,Female
2139,22,12.5,46,Male
2140,10.24,12,51,Female
2141,8.32,13,42,Male
2142,26.58,13,35,Male
2143,12.84,9.5,20,Female
2144,10.61,12,39,Female
2145,15.66,17,45,Female
2146,18,11,47,Male
2147,18.56,18,53,Female
2148,12.8,11,64,Female
2149,13.44,12,24,Male
2150,6.95,12.5,32,Male
2151,7.18,13.2,24,Male
2152,30.24,19,40,Female
2153,18,20,42,Male
2154,3.24,14,23,Male
2155,13.71,11.5,33,Female
2156,7.84,12.4,19,Female
2157,21.6,11,33,Male
2158,8.78,12.5,35,Male
2159,18.24,12,31,Male
2160,31.99,16,34,Male
2161,9,9,60,Male
2162,23.81,17,45,Male
2163,12.19,12.7,24,Female
2164,26.4,12.5,37,Male
2165,10.97,12.5,46,Female
2166,17.5,12,33,Male
2167,31.04,14,47,Male
2168,6.7,14,19,Male
2169,10.78,12.5,40,Female
2170,7.68,12,34,Female
2171,15.22,13.5,32,Male
2172,44.95,17,46,Male
2173,8.74,14.1,18,Female
2174,6.51,12,18,Female
2175,13.5,10.5,38,Male
2176,20,14,37,Male
2177,8.6,18.5,26,Female
2178,22.77,18,32,Female
2179,31.49,16,45,Male
2180,20,14,36,Male
2181,18.64,10.5,43,Male
2182,15,12,51,Male
2183,21.6,7.5,63,Male
2184,23.04,14.8,39,Female
2185,26.88,19,47,Male
2186,8.64,12.5,35,Female
2187,32.31,8,49,Female
2188,18,14,35,Female
2189,24.04,11.5,50,Male
2190,6.9,16.5,28,Female
2191,19.2,13,36,Male
2192,6.35,15.5,22,Male
2193,20.67,19,29,Female
2194,23.62,18,58,Female
2195,14.4,17,25,Male
2196,6.35,12,20,Male
2197,36.27,13.5,28,Female
2198,7,13.5,26,Female
2199,18.1,13,40,Male
2200,17.5,10.5,45,Male
2201,11.94,8,47,Male
2202,7,12,20,Female
2203,3.23,12,30,Female
2204,19.98,17.4,26,Male
2205,16,15.4,38,Female
2206,23.93,16,45,Male
2207,8.89,16,21,Male
2208,12.35,13,25,Female
2209,17.48,10.5,48,Male
2210,16.83,16,46,Male
2211,13.55,17,24,Female
2212,6.21,13,33,Male
2213,11.1,12,42,Female
2214,9.9,14.5,46,Female
2215,12.96,12,40,Female
2216,7.3,13,20,Female
2217,13.31,13.5,31,Male
2218,12.62,12,45,Female
2219,35.84,20,47,Female
2220,17,12,27,Male
2221,20,16,51,Male
2222,7.64,11,17,Male
2223,12.17,15,54,Female
2224,17.63,14,29,Female
2225,26.11,16.8,42,Female
2226,14.5,16,31,Female
2227,7.55,11.6,20,Male
2228,8,16.5,24,Male
2229,5.8,16.3,21,Male
2230,10.79,12.1,28,Female
2231,13.1,9.5,55,Female
2232,20.4,11,38,Male
2233,20.87,18,28,Male
2234,16,13,38,Female
2235,15.53,18.5,26,Male
2236,41.85,20,53,Male
2237,9.59,16,32,Male
2238,11.5,10,24,Male
2239,13.5,10,50,Male
2240,6.7,12,18,Male
2241,6.21,10,67,Male
2242,11.86,9,46,Male
2243,32.64,14,52,Male
2244,16.48,13.2,53,Male
2245,9.85,12,30,Female
2246,36.57,20,62,Male
2247,8.57,12,33,Male
2248,10,14,53,Female
2249,34.25,17.1,44,Male
2250,25.6,20,59,Female
2251,22.56,17.6,44,Female
2252,19.04,13,36,Female
2253,21.53,12,45,Male
2254,7.4,20,33,Female
2255,19.2,12,39,Female
2256,13.45,14,29,Male
2257,9.92,14,36,Female
2258,7.61,11,41,Female
2259,13.62,12,43,Female
2260,9.64,12,52,Female
2261,11.95,10,51,Male
2262,12.73,8,57,Female
2263,10.95,12,26,Male
2264,20,9,42,Male
2265,19.2,9.5,38,Male
2266,23.04,10.5,50,Female
2267,16.8,11,32,Male
2268,18.92,14,45,Male
2269,20.92,14,30,Male
2270,20.58,19,31,Female
2271,12.57,15.5,30,Female
2272,7,16,24,Male
2273,15.87,12,53,Female
2274,11.21,17,26,Female
2275,19.18,11.5,47,Female
2276,29.28,16.5,46,Female
2277,6.5,12,42,Female
2278,14.4,14.1,38,Female
2279,6.7,12,19,Female
2280,7.77,12,26,Female
2281,23.31,16,50,Female
2282,6.7,10,16,Male
2283,9.33,12,33,Female
2284,7.46,9,54,Male
2285,16.46,16.5,54,Female
2286,8.54,12,29,Female
2287,32,11,47,Male
2288,18,12,50,Male
2289,15,12,43,Male
2290,14.77,14,39,Male
2291,7.04,11,17,Female
2292,14,8,52,Male
2293,25.77,12.5,34,Female
2294,21.88,12,31,Male
2295,11.6,12.5,32,Female
2296,20.09,12.8,36,Male
2297,25.2,19,32,Female
2298,20.83,15,32,Female
2299,22.5,20,42,Male
2300,20.64,18,34,Female
2301,7.25,17,38,Female
2302,20,12,43,Male
2303,23.44,14.7,28,Male
2304,17.92,17,54,Female
2305,12.61,12,34,Female
2306,18.75,12.5,56,Male
2307,10.45,2,49,Female
2308,6.69,13.2,52,Female
2309,38.44,14,20,Male
2310,15.91,15,57,Female
2311,4.8,13,18,Male
2312,7.2,13.7,20,Male
2313,9.44,11,17,Male
2314,36.7,16,32,Female
2315,14.85,13,28,Female
2316,13.01,11.5,29,Male
2317,28.32,20,47,Male
2318,22.59,15,29,Female
2319,13.4,12,46,Female
2320,19.2,17,44,Male
2321,14.85,12,39,Male
2322,7.75,17,23,Female
2323,32.16,13,48,Male
2324,8,13,30,Female
2325,10,9,25,Male
2326,11.9,15,34,Male
2327,33.6,13,41,Male
2328,9,16,21,Male
2329,4.84,10,34,Female
2330,24,13,32,Male
2331,16.66,15,47,Female
2332,40.35,11,36,Female
2333,29.14,15,30,Female
2334,7.99,12,19,Female
2335,7,12,23,Male
2336,17.9,9,42,Male
2337,13.81,8,50,Female
2338,8.01,9.5,20,Female
2339,8,13,48,Female
2340,20.57,12.5,42,Female
2341,7,12,52,Female
2342,14.97,15,26,Female
2343,6.3,17,25,Female
2344,7,12.5,21,Female
2345,10,20,45,Male
2346,18,12,48,Male
2347,18.91,14,53,Male
2348,9.5,12.5,22,Male
2349,7,15.5,22,Male
2350,10.08,12,43,Female
2351,10,14.3,31,Female
2352,7.3,14,25,Female
2353,17.44,12,30,Male
2354,10.36,16,25,Female
2355,18.53,14,30,Male
2356,7.45,10,42,Male
2357,13.71,12,39,Female
2358,14.51,14,26,Female
2359,20.16,16,51,Male
2360,6.67,13.6,20,Female
2361,12.1,15.8,37,Female
2362,6.97,13,38,Female
2363,18.92,14,31,Male
2364,26.36,17.3,50,Male
2365,5.8,15.5,21,Female
2366,9.6,14,30,Female
2367,15.7,15.1,25,Male
2368,19.6,11.1,53,Male
2369,20.26,13.5,34,Female
2370,36.67,12,38,Female
2371,22.18,19.1,35,Female
2372,9.5,17,25,Female
2373,15.36,20,46,Male
2374,6.97,15.3,27,Female
2375,10.16,12.5,36,Female
2376,10.16,12,33,Female
2377,7.5,12,34,Female
2378,7,12.1,30,Female
2379,28,18,69,Male
2380,24.48,12,46,Male
2381,9.63,10,46,Female
2382,6.72,14,47,Female
2383,18.68,14,36,Male
2384,13.5,13,26,Female
2385,9.37,15.5,22,Female
2386,7.37,18,28,Male
2387,11.58,14,28,Male
2388,7.5,10,24,Female
2389,10,15,36,Male
2390,19.93,11,61,Male
2391,6,12,66,Female
2392,12.12,11.6,30,Male
2393,11.52,12,54,Female
2394,6.25,12,18,Male
2395,16.32,13,42,Male
2396,20,15.5,56,Male
2397,4.26,12,18,Male
2398,8.26,12.5,22,Male
2399,7.62,12,21,Male
2400,9,12.5,35,Male
2401,14.63,13,29,Female
2402,34.56,17,30,Male
2403,10.63,14,24,Male
2404,9.69,8,49,Female
2405,8,14.5,25,Male
2406,7,12,19,Male
2407,21.45,15,48,Male
2408,20,13.5,49,Male
2409,12.14,12,41,Female
2410,33.28,18,48,Male
2411,16,12,32,Male
2412,12,9,46,Male
2413,14.83,15,46,Male
2414,20.01,13,51,Male
2415,20,20,29,Female
2416,13.31,13,34,Female
2417,13,10,58,Male
2418,13.09,16,49,Female
2419,12.36,14,26,Female
2420,9.38,14.9,46,Female
2421,18.61,12.5,49,Female
2422,22.5,6.5,44,Male
2423,23.42,13,20,Female
2424,19.2,16,39,Male
2425,16.2,9,27,Male
2426,7.5,10,45,Female
2427,21.42,12.5,39,Male
2428,7.2,13.6,23,Male
2429,20.8,12,43,Male
2430,23.04,15,43,Male
2431,17.5,12,31,Male
2432,18.64,14,45,Male
2433,19.58,16.2,24,Male
2434,14.87,15,43,Female
2435,17.07,12,51,Male
2436,10.23,12,43,Male
2437,30.72,12,30,Male
2438,6.86,12,18,Male
2439,16.14,12,26,Male
2440,23.07,17,44,Female
2441,14,15,43,Female
2442,28.06,13.5,38,Male
2443,14.15,12,25,Male
2444,42.5,11,35,Female
2445,6.31,14,19,Male
2446,16.8,14.5,37,Male
2447,6.82,16,29,Female
2448,25.44,14.5,56,Male
2449,26.11,17,39,Female
2450,5.27,17,22,Female
2451,23.16,14,32,Female
2452,14,10.5,26,Female
2453,18,16.1,46,Male
2454,18,18.2,28,Female
2455,9.04,14,51,Female
2456,5.77,14.3,19,Female
2457,23,17,64,Female
2458,26.4,19,30,Female
2459,9.5,12,33,Male
2460,30.69,14,56,Female
2461,22.33,11.3,30,Male
2462,18.46,12,31,Male
2463,25.8,10,37,Male
2464,19.62,12.5,36,Female
2465,6.75,12,23,Male
2466,8.49,12,22,Female
2467,10.36,12,43,Female
2468,9.3,13.5,44,Female
2469,15,13,33,Male
2470,15.36,10.6,60,Male
2471,11,11,39,Female
2472,13.51,15.1,40,Male
2473,7.02,14.1,20,Male
2474,12.5,15.5,24,Female
2475,10.72,10,42,Female
2476,6.25,10,16,Female
2477,9,12.5,35,Male
2478,30.82,16,54,Female
2479,18.96,17,29,Female
2480,14.4,12.8,39,Female
2481,26.99,10,36,Male
2482,15,4,53,Male
2483,22.08,20,45,Male
2484,9,12,19,Male
2485,12.8,17,55,Female
2486,13.44,14,36,Female
2487,10.45,14.8,59,Female
2488,10.75,12,32,Male
2489,14.13,13,32,Male
2490,14.75,12,32,Female
2491,6.7,8,38,Female
2492,14.85,15.5,36,Female
2493,24.9,16.9,33,Male
2494,12.85,12,33,Male
2495,15,13,25,Female
2496,8,14,28,Female
2497,19,9,54,Female
2498,16,12.5,35,Male
2499,7,13,20,Male
2500,24,18,30,Male
2501,12.47,13.5,48,Female
2502,6.94,17,23,Female
2503,8.5,13.5,57,Female
2504,22.53,16,42,Male
2505,25.6,13,32,Male
2506,9.54,14.1,60,Female
2507,4.53,14.3,26,Female
2508,14.4,16.3,33,Male
2509,31.2,14,57,Female
2510,15.05,15.6,33,Female
2511,15.36,18,25,Male
2512,16,13,43,Female
2513,3.9,14.5,21,Male
2514,8.17,12,42,Female
2515,25.7,16,35,Female
2516,9.33,11,17,Male
2517,17.3,12,24,Male
2518,3.84,14,28,Female
2519,13.79,14,25,Male
2520,12,9,52,Male
2521,10.32,8.8,46,Female
2522,6.9,10,16,Female
2523,13.4,17,22,Female
2524,12,12.5,23,Male
2525,21.5,14,53,Female
2526,5.64,12.5,21,Male
2527,7,14,54,Female
2528,9.5,12,45,Female
2529,24,12,40,Male
2530,6.87,13,20,Female
2531,28.76,13,59,Male
2532,7.5,12,21,Female
2533,9.9,12,20,Female
2534,6.68,10,44,Female
2535,15.36,12.5,58,Female
2536,25,13.5,47,Male
2537,23.1,18,34,Male
2538,19.2,20,42,Female
2539,14,12,36,Male
2540,18.64,12.5,50,Female
2541,25,12,40,Male
2542,16.25,9,35,Male
2543,18.12,15,35,Female
2544,25.34,16,31,Male
2545,14.85,12,39,Female
2546,14.63,18,63,Male
2547,9,14,21,Male
2548,6.5,15.5,20,Female
2549,6.75,13.7,18,Female
2550,11.17,14,32,Female
2551,6.5,10,17,Female
2552,42.88,20,41,Female
2553,16.3,12,39,Male
2554,18.2,12,35,Male
2555,15.33,20,26,Male
2556,21.88,12.5,38,Female
2557,21.5,11,42,Female
2558,17.01,12,44,Female
2559,14.51,14,35,Female
2560,22.4,12.3,35,Male
2561,11.86,16,23,Female
2562,7.5,12,25,Female
2563,20,16,35,Female
2564,10.08,11,28,Female
2565,10,13,48,Female
2566,18.02,14,45,Male
2567,16.58,12,34,Female
2568,7.18,11,17,Male
2569,14.95,10.5,54,Male
2570,19.18,18,30,Male
2571,8,12.1,20,Male
2572,17.72,12,32,Female
2573,11.44,12,20,Male
2574,7,13,50,Female
2575,21.94,20,56,Female
2576,8.14,8,28,Male
2577,12,13.5,39,Female
2578,23.5,16,25,Male
2579,11.85,11.3,23,Male
2580,24.4,18,45,Male
2581,14.61,12,44,Female
2582,8.65,12.1,27,Female
2583,13.82,11,40,Female
2584,10.96,10.5,41,Female
2585,9.5,9,24,Female
2586,16.53,12.5,45,Female
2587,11.11,12,37,Male
2588,24.93,16,49,Female
2589,26.4,15,38,Male
2590,32.91,14,35,Male
2591,7.35,10,52,Female
2592,11.5,11,29,Female
2593,15,18,22,Female
2594,22.65,8,52,Male
2595,28.8,14,57,Male
2596,6.89,16.1,40,Female
2597,15.83,17,25,Male
2598,24.54,8.2,58,Male
2599,22.02,13.5,34,Female
2600,22.02,12,61,Male
2601,9,14,48,Male
2602,9.85,12,35,Male
2603,9.06,12,18,Female
2604,13.33,12,28,Male
2605,23.04,13,30,Male
2606,9.49,13,20,Male
2607,24,17,60,Female
2608,35.66,17,52,Male
2609,12,16.5,23,Female
2610,16.8,8,56,Male
2611,7.1,11,17,Female
2612,6.05,15.5,22,Female
2613,12,10,32,Female
2614,38.4,15,42,Female
2615,24.59,14.1,41,Female
2616,24.44,13.3,37,Female
2617,10.84,16.6,22,Male
2618,12.5,11.5,23,Male
2619,16.46,12,58,Female
2620,18.24,14,44,Male
2621,12.53,12,43,Female
2622,7.67,8,60,Female
2623,13.2,12,61,Female
2624,10.24,10,63,Female
2625,21,13,49,Male
2626,8.7,10.6,29,Female
2627,17.23,12.5,52,Female
2628,7.75,13.6,20,Male
2629,24.06,17,40,Male
2630,7.62,12.1,18,Female
2631,6.7,11,17,Male
2632,30.17,15,41,Male
2633,29.6,14,32,Male
2634,3.82,11,17,Male
2635,7.63,11,17,Female
2636,42.61,16,41,Male
2637,16.79,12,34,Female
2638,6.2,10,16,Female
2639,7,16,23,Female
2640,17.4,10,47,Female
2641,7,12,18,Female
2642,8.5,12,31,Female
2643,22.66,16,26,Male
2644,10,10,35,Male
2645,18.68,13,40,Female
2646,23.04,13,43,Male
2647,6.7,14.6,47,Female
2648,9.61,10.1,23,Female
2649,11.64,14,20,Female
2650,26,18,33,Male
2651,15,12,39,Female
2652,29.95,20,56,Male
2653,6.7,9.4,17,Female
2654,6.8,15,26,Male
2655,15.3,14,26,Female
2656,8,11,44,Female
2657,10,8,44,Female
2658,6.42,14,20,Female
2659,30.31,17.5,43,Male
2660,12,10,43,Female
2661,18,12,31,Female
2662,13,12,33,Male
2663,7,12,26,Male
2664,6.65,11,18,Female
2665,17.41,16,38,Female
2666,10.16,15,35,Female
2667,21.66,13.2,28,Male
2668,9.85,16,39,Female
2669,13.45,10,44,Female
2670,14.53,12,28,Male
2671,17.66,14,50,Female
2672,26.4,15,38,Female
2673,6.42,13.3,19,Female
2674,24.96,12,42,Male
2675,23.04,12,52,Male
2676,13.92,12,56,Female
2677,13.75,10,48,Male
2678,12.15,13,46,Female
2679,8.37,11,22,Female
2680,21.6,15.8,40,Male
2681,16.1,13,29,Male
2682,35.09,4,51,Male
2683,28.8,16,36,Female
2684,38.4,17,37,Female
2685,17.33,15,55,Female
2686,7.7,16,21,Male
2687,18.02,10,40,Male
2688,32.03,15,41,Female
2689,6.59,13,19,Female
2690,11.2,16,32,Male
2691,14.8,15.7,42,Female
2692,14,11,62,Female
2693,23.34,13,44,Male
2694,8.87,14.5,51,Male
2695,21.67,14,27,Male
2696,14.27,12,50,Female
2697,18.02,14.2,34,Female
2698,5.92,10,55,Female
2699,12.66,12.5,50,Male
2700,7.25,0,43,Female
2701,13.75,13.3,35,Female
2702,10.78,11,46,Male
2703,19,10.5,40,Male
2704,12,13,51,Female
2705,18.24,20,36,Male
2706,10,9,20,Male
2707,24,14,32,Male
2708,9.79,14,23,Female
2709,30.08,13.5,51,Female
2710,23.97,12,55,Male
2711,12,16,49,Male
2712,15.75,17,33,Male
2713,9,11,35,Male
2714,14.4,10,32,Male
2715,19,10,61,Male
2716,18.02,17.3,27,Female
2717,7.5,10.5,51,Female
2718,11.86,12.5,29,Male
2719,9.86,14.5,23,Male
2720,18.39,9,56,Male
2721,6.66,17,25,Female
2722,26.78,17,36,Female
2723,14.09,16.3,26,Female
2724,24.7,14.3,35,Male
2725,28.8,16,61,Male
2726,6.85,10,16,Male
2727,27.84,17,37,Female
2728,15.12,15,28,Female
2729,27.67,13.5,47,Female
2730,16.78,12.5,27,Male
2731,9.33,9,39,Male
2732,10,10,40,Male
2733,12.86,12,54,Female
2734,14,12,57,Female
2735,9.19,12,38,Female
2736,20.16,12.6,38,Female
2737,25.95,19,60,Female
2738,7.5,13,20,Male
2739,31.68,17,54,Male
2740,15,16,26,Female
2741,20.53,8,48,Female
2742,17.4,12,36,Male
2743,39.5,20,48,Male
2744,17.99,11,43,Female
2745,13.71,12,48,Female
2746,12.8,10.4,27,Female
2747,16.97,14,35,Female
2748,21.78,16,38,Female
2749,19.2,19.3,28,Female
2750,29.24,17,27,Male
2751,13.44,10,54,Male
2752,21.39,16,39,Male
2753,31.1,10,36,Male
2754,40.8,16.5,50,Male
2755,8.12,18.1,25,Female
2756,5.98,14.5,22,Female
2757,12.93,10,54,Female
2758,19.26,8,25,Male
2759,9.46,12,17,Female
2760,5.5,13,19,Female
2761,16.69,15,50,Male
2762,24.17,9,44,Male
2763,7,12,18,Male
2764,21.93,17,51,Male
2765,12.42,17.1,32,Male
2766,12,10,36,Female
2767,18.24,12.5,40,Male
2768,6.7,14,20,Female
2769,3.13,20,60,Male
2770,22.47,12,39,Male
2771,6,10,17,Male
2772,12,11,19,Male
2773,14.66,12.6,30,Male
2774,11.17,11,26,Male
2775,3.83,11.8,17,Male
2776,11,3,60,Female
2777,14,7.3,34,Male
2778,10.3,10,58,Male
2779,6.98,15.5,21,Female
2780,10.34,9.5,48,Female
2781,23.2,20,26,Male
2782,5.83,12,35,Female
2783,6.7,12,30,Female
2784,13.06,12,38,Male
2785,25,10,38,Male
2786,24.94,16,38,Female
2787,6.92,17,22,Female
2788,24.36,5,61,Female
2789,9.71,17.9,29,Female
2790,10,9.8,27,Male
2791,6.7,14.6,35,Male
2792,10.51,12.5,46,Female
2793,8,12.5,37,Female
2794,25.92,20,53,Male
2795,7.53,12,21,Male
2796,9,7,33,Female
2797,7.56,13.5,24,Female
2798,7,8,47,Male
2799,18.95,17,27,Male
2800,16.38,13,42,Female
2801,29.67,17.5,32,Male
2802,22.5,18,35,Male
2803,8.01,11,18,Female
2804,9.16,13,28,Female
2805,17.5,13,39,Male
2806,7,18.8,27,Male
2807,25.03,19,55,Male
2808,10.81,12,46,Male
2809,17.06,10.5,45,Female
2810,17.59,14,44,Female
2811,17.52,12,31,Male
2812,10.5,7,23,Male
2813,19.25,12,62,Female
2814,8.6,9,53,Female
2815,19.83,9,44,Male
2816,10,8,54,Male
2817,6.7,13.5,45,Female
2818,6.78,12,27,Male
2819,13,11,38,Male
2820,14.5,13.3,31,Female
2821,25,16,28,Male
2822,22,18,36,Female
2823,8.23,15,22,Male
2824,8.79,12.5,42,Female
2825,32.16,12,38,Male
2826,23.26,20,36,Female
2827,5.33,16,49,Female
2828,23.76,14,50,Male
2829,10.92,15,35,Female
2830,23.76,13,25,Male
2831,13.21,9,27,Male
2832,15.1,10.5,47,Male
2833,27.14,18,47,Male
2834,23.16,17.5,44,Male
2835,23.07,13,39,Male
2836,10.08,13,37,Female
2837,19.2,19.5,30,Male
2838,13.49,8,57,Female
2839,15.87,12,29,Female
2840,7.87,2,35,Female
2841,15.56,13,35,Male
2842,8,10.5,42,Female
2843,23.63,12,62,Male
2844,41.28,20,59,Male
2845,19.72,15.2,34,Female
2846,8.5,12.5,32,Female
2847,18.9,16,50,Female
2848,11,11,52,Female
2849,16.39,10,58,Male
2850,14.04,12,41,Female
2851,16,11.5,39,Male
2852,10.11,15.1,37,Female
2853,16.78,13,45,Male
2854,11.95,12.5,36,Female
2855,17.97,16,29,Female
2856,17.21,16,26,Female
2857,14.73,17.8,41,Female
2858,10.62,8,65,Male
2859,25.03,20,60,Male
2860,30.24,15,51,Male
2861,11.43,13.5,42,Female
2862,10,9,50,Female
2863,14,12,24,Male
2864,21.73,16,35,Male
2865,27.36,19,41,Male
2866,28.16,15,34,Female
2867,18,9,45,Male
2868,8,18,21,Male
2869,16,13,51,Male
2870,7.92,14.5,21,Female
2871,15.33,12,32,Female
2872,10,11,26,Male
2873,10.63,17,23,Female
2874,13.1,19,27,Male
2875,7.65,11,32,Female
2876,10.2,11,26,Male
2877,12.5,11.5,29,Male
2878,6.87,12.9,20,Male
2879,9.1,3,50,Female
2880,9.89,9,47,Male
2881,11,11,50,Male
2882,15.36,12.5,38,Female
2883,5.28,15,21,Female
2884,19.2,15,32,Male
2885,8.75,11,20,Male
2886,11.03,14.5,21,Female
2887,25.44,16,40,Male
2888,7.5,18.5,25,Male
2889,15.81,10,40,Female
2890,12.11,8,62,Male
2891,9.1,15.6,25,Female
2892,6.7,12,22,Female
2893,15,15,23,Male
2894,9.33,10,51,Female
2895,8.73,12,29,Male
2896,6.31,11,61,Female
2897,16.58,15.5,37,Male
2898,11,8,57,Male
2899,6.7,17,22,Male
2900,19.69,18,28,Female
2901,8,15,22,Female
2902,9.94,12.8,30,Female
2903,10,14,33,Female
2904,13.24,10.5,42,Female
2905,31.2,17,44,Female
2906,11.09,10,54,Male
2907,10.85,12,37,Female
2908,23.53,16.9,45,Female
2909,10.28,12,31,Female
2910,15.87,10,56,Female
2911,20.48,13,42,Male
2912,9.72,15,30,Female
2913,14,12.5,36,Female
2914,8,15.5,23,Female
2915,21.34,15,39,Female
2916,27.84,12,38,Male
2917,30.72,20,51,Male
2918,22.19,12,55,Male
2919,11,12,32,Male
2920,6.75,11,17,Female
2921,13,11.5,31,Male
2922,6.12,9,16,Female
2923,18,15,25,Male
2924,17.62,10,36,Female
2925,17.44,8,37,Female
2926,35.11,14,61,Female
2927,40.32,16,48,Male
2928,14.5,10,39,Male
2929,14.13,13,52,Female
2930,7.52,15,31,Female
2931,7.1,13.6,35,Female
2932,13.41,13,33,Female
2933,6.75,13,20,Female
2934,6.33,14,31,Female
2935,19.05,17,33,Female
2936,15.02,17.2,29,Female
2937,8.34,13,23,Male
2938,18.92,11,38,Male
2939,20.95,11,49,Male
2940,27.98,17.7,38,Female
2941,9.38,14.4,23,Male
2942,36.25,8,57,Female
2943,6.55,12,18,Female
2944,10.93,12.5,57,Female
2945,13,19,29,Male
2946,28.35,12,44,Male
2947,10.08,13.3,27,Female
2948,21.33,10,48,Male
2949,17,13.4,34,Female
2950,21.01,20,31,Female
2951,22.86,10,35,Male
2952,16.8,12,39,Male
2953,12.5,17,35,Female
2954,17.6,17,38,Male
2955,15.45,16,55,Female
2956,9.18,13,20,Female
2957,11.11,12.1,26,Male
2958,12,12,47,Male
2959,18.78,16,30,Male
2960,10.38,20,26,Female
2961,13,14,44,Female
2962,16.7,16.5,41,Male
2963,40.43,9.1,34,Male
2964,9.04,8,26,Female
2965,8.33,19,22,Female
2966,6.79,14.3,19,Female
2967,6.7,10.5,23,Male
2968,7.18,11.6,20,Male
2969,16,12.5,38,Female
2970,24.7,14,58,Male
2971,10.4,10,45,Female
2972,18,10,47,Female
2973,33.28,15.3,39,Female
2974,6.7,11,17,Female
2975,25.53,8.5,58,Male
2976,23.52,17.8,29,Male
2977,21.6,12,57,Male
2978,17.76,14,44,Female
2979,7.75,14.9,27,Male
2980,17.76,13,56,Male
2981,13.09,16.1,34,Male
2982,20.16,1,51,Male
2983,10,17.1,38,Male
2984,6.7,16.5,38,Female
2985,16,14,39,Female
2986,14.4,15,47,Female
2987,26.77,16.5,30,Female
2988,20.95,9,57,Female
2989,6.5,11.5,57,Female
2990,22.47,14,30,Male
2991,17.72,13.5,35,Female
2992,11,12,19,Male
2993,8,14,33,Male
2994,29.76,15.5,41,Male
2995,18.93,12,42,Female
2996,10.08,4,41,Female
2997,18.33,8,45,Male
2998,15.48,16,37,Male
2999,28.8,16.8,41,Female
3000,14.26,12,57,Female
3001,9.37,11,62,Male
3002,15.77,12,27,Male
3003,12,10,47,Female
3004,22.08,13,53,Male
3005,5,10,16,Female
3006,16.61,16.3,43,Male
3007,25.02,10.5,40,Male
3008,20.06,12,43,Male
3009,15.45,10.5,47,Male
3010,8.3,11,47,Female
3011,18.37,14.2,35,Male
3012,6.7,11,27,Female
3013,13.53,16,20,Female
3014,6.85,8,62,Female
3015,10.25,9,60,Female
3016,10,12,18,Male
3017,12,14,48,Female
3018,9.55,15,30,Female
3019,6.25,14,20,Female
3020,6.7,13,18,Female
3021,24.77,16,53,Male
3022,28.8,16.5,54,Female
3023,14.98,12,40,Male
3024,14,14,31,Female
3025,11.77,14.5,55,Female
3026,12.48,12,40,Male
3027,15,17,25,Male
3028,19,18,31,Male
3029,7.5,15.5,46,Female
3030,18.74,5,57,Male
3031,27,14,34,Male
3032,13.13,11,48,Male
3033,12,12,22,Male
3034,17.9,9,64,Male
3035,11.5,5,60,Male
3036,13.65,12,32,Female
3037,14.4,11,52,Male
3038,8.06,9.5,23,Female
3039,10.25,12,35,Female
3040,8.32,12.5,21,Male
3041,6.41,15.5,39,Female
3042,10,12,42,Male
3043,17.42,12,41,Female
3044,32.91,18,47,Male
3045,6.7,13.6,20,Female
3046,24.4,10,48,Male
3047,17.76,15,42,Male
3048,10.44,16.5,21,Female
3049,15.42,15.8,32,Female
3050,11.82,16,34,Female
3051,18.43,12,32,Male
3052,13,14,23,Male
3053,20.5,18.3,34,Female
3054,9,1,21,Male
3055,6.72,12,59,Female
3056,9.52,16,43,Male
3057,3,12,17,Male
3058,15.49,9,33,Male
3059,7,13.5,32,Female
3060,13.6,12.5,32,Male
3061,8.71,11,34,Female
3062,12.48,15.5,26,Female
3063,9.86,9.5,57,Female
3064,11.52,12.3,29,Female
3065,11.67,14.5,27,Female
3066,15.97,11,24,Female
3067,22.02,15.5,42,Female
3068,12.46,13,37,Female
3069,13.95,12,49,Female
3070,18.92,13,36,Male
3071,14.21,18,38,Female
3072,24,16,40,Male
3073,13.7,18,27,Female
3074,35.7,20,58,Male
3075,7.27,12.5,19,Female
3076,14.59,13.5,51,Female
3077,17,11,54,Male
3078,8.31,12,32,Female
3079,18.41,15,33,Male
3080,6.52,17,27,Female
3081,12.65,10,57,Male
3082,11.04,17,27,Male
3083,9.33,12.2,25,Female
3084,18.29,14.1,28,Male
3085,6.7,0,22,Female
3086,10.38,12.8,56,Female
3087,7.84,14.5,22,Male
3088,6.65,10,16,Female
3089,47.52,20,58,Male
3090,12.54,7,31,Male
3091,8.26,12.5,28,Female
3092,8.36,10,32,Male
3093,23.04,16,42,Female
3094,11,16,28,Male
3095,12.9,14,42,Female
3096,12.48,15,29,Male
3097,9.79,15,22,Male
3098,19,14.1,53,Female
3099,10,12,33,Female
3100,27.45,17,40,Female
3101,20.84,17.1,34,Male
3102,8.57,13.5,20,Male
3103,27.5,8,62,Male
3104,13.23,8,47,Female
3105,26.48,13,33,Female
3106,20.99,15,48,Male
3107,7.3,8,29,Female
3108,14.13,12,36,Male
3109,9.44,11.2,47,Male
3110,9.5,11.5,38,Female
3111,10.56,13.5,34,Male
3112,22.03,16,41,Male
3113,13,14,40,Male
3114,17,15.6,37,Male
3115,15,12,54,Male
3116,18.33,18,30,Male
3117,4.25,12,17,Male
3118,18.16,14.5,38,Male
3119,7.24,12.5,23,Female
3120,12.07,15.3,42,Female
3121,26.02,15,44,Female
3122,11.06,11,54,Female
3123,16,12,34,Male
3124,16.64,14,35,Female
3125,21.84,12,20,Female
3126,15.67,7,62,Male
3127,7.66,17,23,Female
3128,19.84,13.1,44,Male
3129,14.98,12,30,Male
3130,8.65,11,17,Female
3131,7,12,31,Female
3132,25.6,15,46,Male
3133,21.94,15,46,Male
3134,18.11,15,41,Male
3135,6.25,12,29,Female
3136,13.31,13,36,Female
3137,19.2,14.5,44,Female
3138,16.83,20,46,Male
3139,7,11,16,Male
3140,13.75,16.3,43,Male
3141,21.8,10,50,Male
3142,23.04,18,46,Male
3143,14.97,15,23,Male
3144,16.73,16,33,Male
3145,10,10.5,30,Female
3146,30.49,15,46,Male
3147,7,10,17,Female
3148,15.65,16,41,Female
3149,10.14,13.5,33,Male
3150,10.51,13.3,42,Female
3151,27.39,17,48,Male
3152,21.12,17,44,Male
3153,22.34,16,24,Female
3154,10.97,14,39,Female
3155,20.16,12.5,27,Female
3156,39.84,18,58,Female
3157,12.67,12,45,Female
3158,5,11.5,58,Female
3159,11,11,45,Female
3160,24,17,49,Male
3161,22.4,16.5,31,Male
3162,18,14,25,Male
3163,14.35,6,46,Male
3164,4.65,14,21,Male
3165,14,14,28,Male
3166,18.27,12.5,40,Male
3167,16.8,13,49,Male
3168,7.25,9,34,Female
3169,15.84,13,55,Female
3170,19.91,12.5,48,Female
3171,10.97,13,27,Female
3172,10,8,50,Male
3173,6.35,14.5,19,Female
3174,6.58,12,19,Female
3175,22.25,10.5,55,Male
3176,21,8,56,Male
3177,14.4,11.5,54,Female
3178,26.4,11,40,Male
3179,24,17.1,36,Male
3180,19.2,10,49,Male
3181,12.5,11,59,Female
3182,31.43,17.5,36,Male
3183,6.74,13,19,Male
3184,8.32,14,32,Female
3185,8.86,12,29,Male
3186,7.7,14.6,21,Male
3187,24.44,13.5,43,Male
3188,19.5,14,45,Male
3189,9.61,17,31,Male
3190,6.53,19,67,Male
3191,12.03,14.5,33,Female
3192,30.27,17,41,Male
3193,15,11,52,Male
3194,7.49,15,21,Female
3195,9,12,42,Male
3196,6.7,12,18,Female
3197,12,8,43,Male
3198,9.16,6,42,Male
3199,7.16,11,29,Female
3200,17.08,12,30,Male
3201,7.4,14,22,Male
3202,16.79,10.5,33,Female
3203,9.02,15.5,21,Female
3204,17.18,11,34,Male
3205,47.26,17.3,42,Male
3206,13.97,11,47,Male
3207,7.42,11,19,Female
3208,12.5,10,49,Female
3209,14.37,14,27,Female
3210,10.51,13,27,Female
3211,34.23,18,26,Male
3212,16.25,14,57,Female
3213,14.63,13,59,Female
3214,12.51,14.5,35,Female
3215,7.13,12,46,Female
3216,17.88,12,37,Female
3217,6.7,13.8,20,Female
3218,13.95,10,35,Female
3219,18.65,13,55,Female
3220,14.94,11,45,Female
3221,7.08,12,49,Female
3222,16.96,12.1,39,Female
3223,12.73,9,57,Female
3224,8.5,8,64,Male
3225,16.51,4.5,52,Male
3226,7,9,39,Female
3227,22.45,13,28,Male
3228,13,12.6,35,Female
3229,23.04,13,31,Male
3230,7,10,16,Male
3231,20,11,56,Male
3232,29.62,17,42,Female
3233,16.3,16.4,29,Female
3234,16.59,16,44,Male
3235,10,12,33,Male
3236,21.06,13,60,Female
3237,10.25,12,63,Female
3238,9.38,10.5,34,Male
3239,26.27,18,34,Male
3240,12.37,13.3,25,Female
3241,22.38,11.5,46,Male
3242,7.88,13,20,Female
3243,15.73,15.6,39,Female
3244,7.08,13,19,Male
3245,28.32,17,46,Female
3246,30.72,20,36,Male
3247,22.17,16.8,24,Female
3248,6.9,14,20,Male
3249,12.75,10.5,41,Female
3250,12.21,11,30,Male
3251,7.65,12,53,Female
3252,8.32,18,25,Female
3253,7.12,16.5,23,Male
3254,12.5,15,45,Female
3255,18.92,19,52,Male
3256,10,18.3,23,Male
3257,7,13,18,Male
3258,11.5,11.3,21,Male
3259,17.92,13.1,39,Female
3260,15.36,12,37,Female
3261,6.7,13.1,42,Female
3262,14.21,12,32,Male
3263,14.61,10,51,Male
3264,15,3,59,Male
3265,8.57,13.8,31,Female
3266,13.75,11,30,Male
3267,13.92,12,59,Female
3268,6.7,13.9,59,Male
3269,20.91,12.5,41,Female
3270,32.16,12,43,Male
3271,11,14,30,Female
3272,13.71,13.3,45,Female
3273,17.89,14,25,Female
3274,10.97,16,26,Male
3275,16.47,12,34,Female
3276,15.1,14.1,27,Female
3277,3.18,20,35,Male
3278,8.21,14,32,Female
3279,14.4,16,41,Female
3280,9.91,15,39,Female
3281,10.81,12,62,Female
3282,13,12,39,Female
3283,8.7,12,26,Female
3284,29.01,14,41,Male
3285,16.96,12,26,Female
3286,7.15,11.9,18,Female
3287,15.76,16,63,Female
3288,10.26,9,32,Female
3289,7,12,18,Female
3290,25.74,13,34,Male
3291,26.72,18,46,Female
3292,8.64,16,39,Female
3293,10.59,8,22,Male
3294,8.32,11,30,Female
3295,11.52,13,67,Male
3296,45.12,8,53,Male
3297,9.7,15,29,Male
3298,25.48,13,56,Female
3299,33.6,16,40,Male
3300,17.28,15,30,Female
3301,23.04,20,44,Female
3302,6.7,12,43,Female
3303,6.35,12.8,22,Male
3304,31.2,18,48,Male
3305,30.7,14,44,Male
3306,12.57,20,47,Female
3307,11.65,8,63,Male
3308,8.23,15,21,Female
3309,18.21,19,30,Female
3310,17.9,9,38,Male
3311,23.48,16,44,Female
3312,8.65,13,19,Male
3313,6.25,11,17,Female
3314,32.34,16,51,Female
3315,22.57,15,57,Male
3316,19,14.5,39,Male
3317,18,15,24,Female
3318,6.35,12,17,Male
3319,13.44,12,51,Female
3320,15.89,14,42,Male
3321,15.8,6,30,Male
3322,17.76,18.1,28,Female
3323,11,15,31,Male
3324,16.4,13.5,59,Female
3325,23.04,12.5,24,Female
3326,6.71,12,29,Female
3327,18.25,15.5,37,Male
3328,14.96,12,46,Male
3329,10.5,9,62,Male
3330,13.48,17.5,38,Female
3331,28.32,14.1,44,Male
3332,8.04,16,22,Female
3333,6.87,13,19,Female
3334,6.76,12.1,20,Male
3335,38.4,17,49,Male
3336,22,11,27,Male
3337,18.42,19,27,Female
3338,6.8,12,38,Female
3339,23,12,36,Male
3340,8,10.5,47,Female
3341,19,13,28,Male
3342,13.57,11,43,Male
3343,18.41,13.3,47,Female
3344,15,14,28,Female
3345,24,10,46,Male
3346,12.5,11.5,42,Male
3347,19,14.2,53,Male
3348,10.5,12.5,19,Female
3349,21.6,15,36,Male
3350,11.04,13,44,Female
3351,10.4,12,31,Male
3352,17.77,15,31,Female
3353,28,14,44,Male
3354,6.85,10,16,Female
3355,6.65,14,20,Female
3356,25.95,16,51,Female
3357,21.12,14,46,Male
3358,14.72,12.5,25,Male
3359,7.62,12.5,38,Male
3360,14.34,14,32,Female
3361,12.5,8,31,Female
3362,10,14,19,Male
3363,8.5,6.4,65,Female
3364,24.84,9,32,Male
3365,26.33,16,31,Female
3366,15.36,12,30,Male
3367,16.32,13,54,Female
3368,11.5,16.7,29,Male
3369,14.8,11.5,33,Female
3370,26.88,10,36,Male
3371,13.25,11,46,Male
3372,16.4,15,30,Male
3373,6.75,12.2,21,Male
3374,19.64,17.3,43,Male
3375,7.75,17.3,35,Female
3376,6.34,3,16,Female
3377,15.77,12.5,32,Male
3378,15.71,15,49,Female
3379,19,10,48,Male
3380,11.07,15.3,24,Female
3381,18.33,13,32,Male
3382,6.25,17,45,Female
3383,6.5,9,16,Male
3384,14.4,10,59,Male
3385,19.5,16,45,Female
3386,45.22,12.5,67,Female
3387,17.84,14.2,33,Male
3388,17.76,12,44,Male
3389,15,17,26,Male
3390,7.1,12,40,Female
3391,21,14,54,Male
3392,25.6,17,34,Female
3393,8,10,32,Male
3394,9,8,66,Male
3395,20,13,48,Male
3396,39.21,12,37,Male
3397,8,14,40,Female
3398,22.02,14,31,Male
3399,16.25,14,34,Male
3400,6.74,12.1,18,Female
3401,13.9,17,28,Male
3402,19.65,12.5,33,Female
3403,12.8,14,58,Female
3404,26.24,12,34,Male
3405,28.79,14,35,Female
3406,15.53,12.5,38,Female
3407,13.64,12.1,41,Male
3408,6.5,12,17,Male
3409,26,11,61,Male
3410,13.18,18.5,27,Male
3411,16,14,51,Female
3412,33.36,13,45,Male
3413,10.93,13,35,Female
3414,26.37,9,58,Male
3415,11.43,10,26,Female
3416,18.92,10,57,Male
3417,7.66,15.3,24,Female
3418,23.05,10,51,Male
3419,7.5,12.1,32,Female
3420,13,15,26,Female
3421,27,20,40,Female
3422,29.87,20,60,Male
3423,10.71,15,35,Female
3424,6.7,16,59,Female
3425,6.85,15.5,20,Female
3426,25.79,11,31,Male
3427,5.87,11,34,Male
3428,6.9,15.5,21,Male
3429,5,10,16,Male
3430,7.23,11,35,Female
3431,21.95,18,26,Male
3432,16.57,12.5,36,Male
3433,13,20,26,Female
3434,16.15,17.3,34,Female
3435,6.7,10,22,Female
3436,16,9,38,Male
3437,15,13,54,Male
3438,14.03,14.8,32,Female
3439,6.75,12,18,Female
3440,26.76,13,38,Male
3441,8.9,12,20,Female
3442,26.88,12.5,34,Male
3443,5.7,15.6,20,Female
3444,46.42,18,59,Male
3445,7.58,12,47,Female
3446,13.99,12.5,37,Female
3447,14.85,12.5,48,Female
3448,7,14.3,23,Male
3449,3.84,13,37,Female
3450,17.16,13.6,42,Female
3451,20.5,17,56,Female
3452,6.75,12,17,Male
3453,9.2,13.8,26,Female
3454,17.25,7,44,Male
3455,6.96,12.5,21,Female
3456,23.32,17.4,39,Male
3457,11.52,4.8,23,Female
3458,24.69,12,35,Female
3459,6.7,13,19,Male
3460,18.5,15,24,Female
3461,9.61,15.5,22,Male
3462,16.32,9,56,Male
3463,13.92,12,54,Female
3464,7,20,41,Male
3465,6.8,13.8,21,Female
3466,16.69,12,32,Male
3467,9.25,10,47,Female
3468,39.84,19,55,Male
3469,42.45,13.6,20,Female
3470,29.76,12,37,Male
3471,16.9,14,42,Female
3472,8,13,39,Female
3473,8.32,19,50,Female
3474,13.42,15,37,Male
3475,9.22,12,20,Female
3476,12.8,12,34,Female
3477,7.75,12,37,Female
3478,25.92,13,33,Male
3479,20.76,16.5,37,Male
3480,12.09,19.1,30,Female
3481,10.6,12,69,Male
3482,18.24,10,34,Female
3483,11.26,12.5,40,Female
3484,11.89,17.2,27,Female
3485,7.5,12,20,Male
3486,7.24,11,21,Female
3487,9.83,17.8,24,Female
3488,12.69,10,34,Female
3489,11.64,20,54,Male
3490,16.28,14.5,29,Female
3491,7,11,17,Male
3492,8.5,10,41,Female
3493,12.45,14,34,Female
3494,16.54,19,25,Male
3495,13.73,12.5,23,Male
3496,7.54,12,59,Female
3497,11,13,37,Female
3498,15.16,15,32,Female
3499,13.13,13,32,Female
3500,20.3,18,26,Male
3501,10.7,11,45,Female
3502,19.47,11,49,Male
3503,35.66,19,44,Male
3504,14.13,8,54,Male
3505,19.05,12.6,48,Female
3506,23.97,13,57,Male
3507,26.78,15,42,Male
3508,24,14,33,Male
3509,7.5,13.5,59,Female
3510,14.28,13,46,Female
3511,16.5,13,51,Male
3512,10,13,40,Male
3513,7,12,18,Female
3514,22.07,19.5,31,Female
3515,28,10.5,48,Male
3516,6.5,12.5,22,Female
3517,27.5,12,36,Female
3518,18.76,18,31,Female
3519,7.83,13.5,20,Male
3520,10.03,12.5,41,Female
3521,23.97,14,45,Female
3522,22.08,20,38,Male
3523,24,17.4,32,Female
3524,14.21,14,40,Female
3525,7.45,12,21,Male
3526,34.91,17,36,Male
3527,48,18,30,Male
3528,6.7,16,21,Female
3529,23.84,13,53,Male
3530,19.2,12.5,34,Male
3531,14.4,8,39,Male
3532,6.97,12.3,30,Male
3533,7.75,9,51,Female
3534,35.12,12,51,Male
3535,6.78,12,18,Female
3536,20.19,16.5,25,Female
3537,20.3,17,34,Female
3538,6.72,10.4,22,Male
3539,6.7,13.5,23,Female
3540,23.45,17.3,27,Male
3541,34.56,18,44,Male
3542,23.56,13,35,Female
3543,18.46,16,63,Male
3544,14.03,14,53,Male
3545,27.97,17,51,Female
3546,23.2,20,35,Female
3547,16.8,16,36,Female
3548,6.7,12,18,Female
3549,6.25,12,18,Female
3550,6.75,15,21,Female
3551,6.75,12,18,Male
3552,8.33,11,16,Female
3553,18.32,17.4,44,Female
3554,8.7,12.3,24,Male
3555,20,12,48,Male
3556,14.5,13,37,Male
3557,12.07,12,29,Female
3558,19.1,16,30,Male
3559,10.83,12.5,29,Female
3560,10,17,34,Female
3561,14.41,12.9,45,Female
3562,10,12,21,Male
3563,21.5,7,53,Male
3564,28.8,10,43,Male
3565,13.99,18.4,31,Male
3566,29.27,11.5,38,Female
3567,26.88,20,56,Male
3568,14,14.9,29,Female
3569,6.35,13,19,Female
3570,17.92,17.5,32,Female
3571,14.64,9.5,48,Female
3572,12.27,11,26,Female
3573,7.75,12,22,Female
3574,11.6,12,40,Male
3575,11.18,14.2,52,Female
3576,12.88,12,48,Female
3577,13.95,14.3,24,Female
3578,21.28,12.5,32,Male
3579,7.03,10,43,Female
3580,18.32,13.9,41,Female
3581,19.8,17,41,Male
3582,10.53,19,25,Female
3583,7.99,16,24,Female
3584,14,15,51,Female
3585,8.01,14,20,Female
3586,16.16,10,39,Male
3587,14,12.1,38,Male
3588,12.17,13,25,Male
3589,21.13,15,39,Female
3590,22.08,12.5,52,Male
3591,8.26,13.5,25,Female
3592,10.55,12,33,Female
3593,15,10,44,Male
3594,8.3,15,24,Male
3595,10.11,12.5,37,Female
3596,24.48,18,34,Male
3597,7.62,13.5,21,Female
3598,26.4,17.9,48,Female
3599,7.51,15.3,30,Female
3600,17.76,14,35,Female
3601,29.57,18,48,Male
3602,22.11,17,31,Female
3603,17.94,10,37,Male
3604,7.25,15,50,Male
3605,7.55,10,48,Female
3606,29.28,18,50,Female
3607,13.52,12,31,Male
3608,26.97,11,35,Male
3609,13.92,16,23,Male
3610,27.43,14.5,59,Female
3611,16,12,44,Female
3612,9.62,18.5,38,Male
3613,13,13,49,Male
3614,13.2,13,27,Male
3615,31.2,18,37,Male
3616,16.46,12.5,28,Female
3617,7.74,12,20,Male
3618,21.6,12,39,Male
3619,6.7,10.3,55,Female
3620,12.82,12.5,35,Female
3621,7.36,14,36,Female
3622,6.65,12,51,Female
3623,16,17,53,Female
3624,18.94,9,53,Male
3625,31.23,17,35,Female
3626,16.78,13,56,Male
3627,14.25,11.5,31,Male
3628,18.92,17,49,Male
3629,7.23,15.5,25,Female
3630,12,12,49,Female
3631,24,16,36,Female
3632,26.4,14,47,Female
3633,11.43,9,36,Male
3634,34.56,19,38,Female
3635,9.06,13.8,21,Male
3636,16.93,17,38,Female
3637,11.25,12,32,Male
3638,42,17,65,Male
3639,8.06,13,18,Female
3640,17,15,53,Male
3641,30.66,7,57,Female
3642,8.79,8,31,Female
3643,6.53,12.5,68,Female
3644,34.8,16,42,Male
3645,7.85,9,47,Female
3646,19.68,11.5,32,Female
3647,17,16.5,29,Female
3648,15.59,12.5,39,Female
3649,20.48,5,52,Male
3650,6.76,12.5,40,Female
3651,6.83,12,18,Female
3652,16.42,15,34,Male
3653,26.4,15,48,Female
3654,27.12,15,25,Female
3655,27.74,12,55,Female
3656,14.83,12.5,40,Female
3657,18.58,16,34,Male
3658,13.8,9,50,Male
3659,12.82,1.5,53,Male
3660,7.72,13,18,Female
3661,24.37,19.7,32,Female
3662,19,13,36,Female
3663,10.58,9,58,Female
3664,10,13,37,Male
3665,7.51,8.3,46,Female
3666,16.82,12.5,28,Male
3667,9.42,1,46,Female
3668,6.08,12.1,29,Female
3669,7,11,18,Male
3670,8.65,13,20,Male
3671,16.18,12,53,Female
3672,12.5,12.5,31,Female
3673,24.69,12,47,Male
3674,19.2,12,38,Female
3675,22.9,11,28,Male
3676,14.35,12,37,Male
3677,43.2,20,51,Male
3678,23.75,14,47,Male
3679,17.57,14,51,Male
3680,7.93,13,19,Female
3681,19.75,14,48,Female
3682,8.36,6,56,Male
3683,18,16,32,Female
3684,20,15,25,Female
3685,7.15,15.5,24,Female
3686,30.88,12,62,Male
3687,19.11,13.6,38,Male
3688,17.21,18,27,Female
3689,10.2,13,29,Female
3690,32.64,16,39,Male
3691,23.04,14,43,Male
3692,19.25,10,58,Female
3693,13.75,15.2,34,Male
3694,7,12.6,23,Female
3695,23.3,10,59,Male
3696,18,8,46,Male
3697,17.3,12.5,39,Male
3698,18.57,15.1,45,Male
3699,13.18,11,41,Female
3700,6.7,10,16,Female
3701,45.5,8,55,Male
3702,18.33,20,37,Male
3703,20.16,13,41,Male
3704,14.26,12,31,Female
3705,6.31,11.7,28,Male
3706,5.8,8,27,Female
3707,13.44,13,35,Male
3708,14.29,15,41,Male
3709,7,14,20,Female
3710,6.5,15.5,30,Female
3711,36.94,10,40,Male
3712,24,10.5,51,Female
3713,14.85,12.5,40,Female
3714,13.73,12,31,Male
3715,17.23,12.6,40,Male
3716,29.15,17,32,Male
3717,13.5,19,43,Female
3718,17.5,14,45,Male
3719,6.75,11,17,Female
3720,19.68,12.1,39,Male
3721,16,9,27,Male
3722,14,17.4,34,Female
3723,23.98,12.5,52,Male
3724,19.37,10,51,Male
3725,10.85,13.5,38,Female
3726,6.5,12,18,Male
3727,27,17,32,Female
3728,7.18,11,16,Male
3729,17.9,14.8,42,Male
3730,25.44,12,39,Male
3731,8,9,33,Male
3732,19.2,12,30,Male
3733,17.22,11.5,58,Male
3734,6.4,14,19,Female
3735,14.3,9,52,Male
3736,8.22,9,24,Male
3737,18.24,10,28,Male
3738,6.7,14.9,29,Female
3739,17.76,6,56,Male
3740,22.93,16,43,Male
3741,23.59,19,45,Female
3742,14.08,13,44,Female
3743,10.22,12,29,Male
3744,24,12,53,Male
3745,18.24,13.5,46,Male
3746,7,10,28,Male
3747,12,14,30,Male
3748,21.12,12,36,Female
3749,37.44,10,50,Male
3750,14.88,8,44,Male
3751,20.4,13,31,Male
3752,15.36,18.3,44,Female
3753,9.75,13,28,Male
3754,6.6,16.5,22,Female
3755,6.7,12.1,19,Female
3756,24.43,17,45,Male
3757,16.94,12.5,41,Female
3758,29.16,14,52,Male
3759,13.59,13,48,Female
3760,17.86,13,35,Male
3761,24.65,13,52,Female
3762,11.01,12,27,Female
3763,23.84,12.5,36,Female
3764,12.16,12.5,32,Female
3765,10.08,16.5,48,Female
3766,14.71,10,47,Female
3767,10.95,15,46,Female
3768,7.5,12,31,Male
3769,10.24,14.6,29,Female
3770,18.24,16,55,Female
3771,7,12,28,Female
3772,6.8,16.8,29,Female
3773,6.4,13.8,24,Male
3774,23,17,27,Male
3775,6.48,12,20,Female
3776,7.2,11,48,Female
3777,15.88,15.5,24,Female
3778,15.53,12.7,24,Female
3779,8.6,16.7,60,Female
3780,6.7,12.2,17,Male
3781,25,13,62,Female
3782,15.06,13,44,Female
3783,14.37,12.5,29,Female
3784,7.6,13,24,Male
3785,4.94,13.5,59,Male
3786,14,11,40,Male
3787,19.2,18.1,28,Male
3788,21.03,11,41,Male
3789,22.56,20,50,Female
3790,21.49,12,44,Male
3791,21.72,16.5,29,Female
3792,10.2,18,35,Male
3793,21.45,12,32,Male
3794,18.68,15,27,Male
3795,11.64,18.2,44,Female
3796,15.36,10,39,Female
3797,12.15,14,35,Male
3798,5,15.2,35,Female
3799,22,17,37,Female
3800,10.5,8.5,63,Male
3801,13.73,10,55,Male
3802,8.5,13.5,28,Female
3803,28.86,10,62,Male
3804,10.41,17,23,Male
3805,19.08,14,34,Female
3806,9.74,16.3,24,Female
3807,6.7,10,61,Female
3808,19,15.1,48,Female
3809,31.19,15,44,Male
3810,14.81,13.6,23,Male
3811,8.81,14,40,Male
3812,18.24,15,31,Female
3813,20.83,11,40,Male
3814,20.16,12,39,Male
3815,14,10,27,Male
3816,18.94,13,36,Female
3817,6.45,10,16,Male
3818,11.67,12,27,Female
3819,10.83,18,29,Male
3820,21.25,8,65,Male
3821,8.92,12,42,Male
3822,11.06,12.5,32,Female
3823,14.4,12,60,Male
3824,17.28,18,33,Male
3825,12.85,14.1,27,Female
3826,29.84,14,28,Male
3827,19.2,12,37,Female
3828,8.4,13.5,43,Female
3829,14.03,20,59,Male
3830,23.04,20,36,Female
3831,15.36,14.4,28,Male
3832,12.72,16,24,Female
3833,32.64,9,53,Male
3834,31.15,14.5,44,Female
3835,15.57,13.5,30,Male
3836,17.85,12.5,54,Female
3837,14.25,12,36,Male
3838,15,13.5,38,Male
3839,15.31,15,32,Female
3840,12,12.5,49,Female
3841,13.96,13.5,40,Male
3842,15,4,53,Male
3843,30.59,14.5,32,Male
3844,18.33,14,29,Female
3845,11.25,12,60,Male
3846,7,12,18,Female
3847,3.26,11.5,37,Male
3848,15,10,42,Male
3849,19,14,33,Male
3850,29.76,9,51,Male
3851,6.74,11.6,18,Female
3852,8,12,22,Female
3853,12.67,12,33,Male
3854,13.77,13.5,27,Female
3855,14.46,13.5,39,Male
3856,12,13,33,Male
3857,29.44,16,50,Male
3858,23.79,17.6,32,Female
3859,9,10,54,Female
3860,24,15,46,Male
3861,8.57,12.8,31,Female
3862,7.25,12,53,Female
3863,6.25,9,44,Female
3864,12,8,42,Male
3865,28.83,14,37,Female
3866,19.02,12,38,Male
3867,14,12,29,Female
3868,17,12.3,40,Female
3869,8.7,16.3,22,Male
3870,18.22,6,28,Male
3871,16.84,15,47,Female
3872,6.95,14.5,20,Male
3873,9.73,14,49,Female
3874,18.25,12.5,41,Female
3875,23.14,13,43,Male
3876,12.4,16.5,24,Female
3877,7.47,10,32,Female
3878,3.84,13,32,Male
3879,8.5,12,36,Female
3880,7.62,15,24,Male
3881,11.65,13.3,22,Male
3882,18.65,17,42,Male
3883,38.4,19,37,Male
3884,22,16,28,Female
3885,17,10.5,42,Female
3886,25.79,19,41,Female
3887,16,9,42,Female
3888,16.3,16,30,Male
3889,15.36,14,43,Male
3890,15,15,32,Female
3891,23,6,57,Male
3892,14.29,18,34,Male
3893,21.75,13,34,Female
3894,9,8,27,Male
3895,17,12.5,37,Male
3896,11.94,11.6,20,Female
3897,11.4,8,37,Female
3898,22.56,12.5,31,Male
3899,28.67,19,35,Male
3900,16.66,11,53,Female
3901,6.7,14.5,20,Female
3902,19.28,10,49,Male
3903,10.44,10,69,Female
3904,12.07,13,43,Female
3905,25.6,16,52,Female
3906,27.14,18,30,Female
3907,22.22,15,47,Female
3908,29.76,12,51,Male
3909,30.38,12,41,Male
3910,12,12,61,Female
3911,27.36,17,42,Male
3912,4.58,12.5,37,Male
3913,33.6,11,53,Male
3914,13,10,33,Male
3915,12.61,12,25,Male
3916,12.55,10,43,Male
3917,13.28,12,33,Female
3918,21.98,20,34,Female
3919,19.83,13.5,49,Female
3920,6,17,32,Female
3921,12,14,25,Female
3922,14.74,13.5,34,Female
3923,14.8,13,37,Female
3924,17.8,12,30,Male
3925,7.53,12.5,31,Female
3926,14.8,11,36,Male
3927,44.25,14,20,Female
3928,24.92,19.4,54,Female
3929,9,11,20,Female
3930,5.8,12.5,40,Female
3931,18.63,11,36,Male
3932,21.76,18,55,Male
3933,10,15.3,21,Female
3934,18.92,11,54,Male
3935,12,12,48,Female
3936,16.93,15.3,27,Female
3937,12,13.5,24,Female
3938,18.92,15,32,Male
3939,6.77,14,19,Female
3940,5.48,10.8,16,Male
3941,19.2,18.5,27,Male
3942,6.71,14.5,20,Female
3943,6.7,12,19,Male
3944,27.43,13,57,Male
3945,37.89,17,46,Male
3946,11.68,12,30,Female
3947,31.77,17.8,35,Male
3948,6.93,13.5,21,Female
3949,8.5,4,49,Female
3950,10.6,12,44,Female
3951,28.8,12.5,59,Male
3952,13.07,15,52,Male
3953,16.9,12,47,Female
3954,26.4,15,40,Female
3955,10.85,19,25,Female
3956,17.44,12,32,Male
3957,8.5,13,20,Female
3958,12.5,11.5,35,Male
3959,12.24,8,65,Male
3960,13.66,15,31,Female
3961,23.57,12,58,Male
3962,16.8,18,44,Male
3963,19.97,9,53,Male
3964,32.47,17,47,Male
3965,8.58,12,21,Male
3966,15.72,14,33,Female
3967,7.5,18.6,26,Male
3968,12.38,12.5,32,Female
3969,18.46,8.5,57,Male
3970,25,16,40,Female
3971,32.64,12,33,Male
3972,7.1,9.6,19,Male
3973,8.4,12,24,Female
3974,10.4,12,19,Male
3975,11.52,10.5,47,Male
3976,6.76,14,20,Female
3977,29.5,11,17,Female
3978,18.35,13.7,41,Female
3979,6,15,20,Male
3980,18,13,34,Female
3981,19,12,34,Male
3982,34.31,18,48,Male
3983,8.63,13,25,Female
3984,7,12,18,Male
3985,15.36,15,35,Female
3986,6.85,9,35,Female
3987,6.14,10.5,19,Female
3988,16.3,15,42,Male
3989,26.88,12,42,Male
3990,6.57,13.5,28,Female
3991,20.6,20,30,Female
3992,10.5,12,44,Male
3993,6.9,12,42,Female
3994,26.75,12,56,Male
3995,41.28,14,36,Male
3996,3.35,7.5,37,Male
3997,10,12,37,Female
3998,13.08,13,52,Female
3999,7.5,12,18,Female
4000,12,13,38,Female
4001,27.59,19,33,Male
4002,5.75,14,21,Female
4003,10,12,26,Male
4004,23.57,12.1,44,Male
4005,19.2,12,67,Male
4006,14.07,9,32,Male
4007,5.6,12,37,Female
4008,16.66,8,61,Female
4009,6.8,13.1,20,Male
4010,22.98,14,39,Male
4011,30.49,16,52,Male
4012,22,15,41,Male
4013,11.85,11,47,Female
4014,23,14,30,Male
